name,cbsa_code,median_income,total_population,population_25_plus,hs_diploma,ged,associates,bachelors,masters,professional,doctorate
"Aberdeen, SD Micro Area",10100,71488,41925,27808,7188,1029,3383,6310,2073,382,473
"Aberdeen, WA Micro Area",10140,64414,77053,56642,14783,4370,7321,6906,2603,568,204
"Abilene, TX Metro Area",10180,67328,180408,114622,27645,8555,10509,19850,8220,1434,943
"Ada, OK Micro Area",10220,63017,38235,25247,7147,1142,1905,4694,2249,247,456
"Adrian, MI Micro Area",10300,70518,98415,69411,21193,3479,7185,10274,4455,538,468
"Aguadilla, PR Metro Area",10380,22398,251769,190498,49135,5296,23004,34595,8954,1341,1412
"Akron, OH Metro Area",10420,72371,699820,492073,133657,14314,40682,107457,48140,9478,7398
"Alamogordo, NM Micro Area",10460,55876,68816,45839,10332,2716,4746,6918,2801,383,322
"Alamosa, CO Micro Area",10480,51237,27718,18092,4073,823,1791,3107,1701,236,271
"Albany, GA Metro Area",10500,56906,146018,97190,26206,5919,9391,11855,7163,2027,1390
"Albany, OR Metro Area",10540,76329,130706,92020,21014,6198,10566,13606,4753,876,613
"Albany-Schenectady-Troy, NY Metro Area",10580,88074,906052,634704,122724,26584,77033,143568,90666,18033,14680
"Albemarle, NC Micro Area",10620,60704,64651,45338,12047,2505,6257,6531,1957,327,203
"Albert Lea, MN Micro Area",10660,71023,30623,21752,6252,941,3448,2664,949,293,53
"Albertville, AL Micro Area",10700,62571,99748,65581,16953,4183,7800,9443,3450,849,387
"Albuquerque, NM Metro Area",10740,70783,921482,650478,125075,28915,62571,128243,72281,14991,16168
"Alexander City, AL Micro Area",10760,59356,40938,29852,8233,1716,3036,3960,1445,419,244
"Alexandria, LA Metro Area",10780,56353,149622,100899,31466,6906,7194,13901,5658,1558,993
"Alexandria, MN Micro Area",10820,79043,39575,28410,7401,863,5114,5724,1905,464,350
"Alice, TX Micro Area",10860,50888,45793,29744,8629,2728,1875,3525,1024,112,225
"Allentown-Bethlehem-Easton, PA-NJ Metro Area",10900,84587,873603,613839,177167,23056,59433,127900,57875,10319,9535
"Alma, MI Micro Area",10940,63556,41385,28638,9026,2489,2518,3682,1336,112,227
"Alpena, MI Micro Area",10980,53950,28880,21702,6376,1162,3139,2484,1066,319,108
"Altoona, PA Metro Area",11020,62382,121277,86786,35338,3985,8200,14576,4879,1113,621
"Altus, OK Micro Area",11060,62799,24678,15940,3355,886,1996,2456,1179,188,134
"Amarillo, TX Metro Area",11100,69611,271917,177871,37990,10541,16590,31863,11472,2734,2066
"Americus, GA Micro Area",11140,43688,33574,21630,6193,1445,2198,2502,1523,358,273
"Ames, IA Metro Area",11180,73127,127134,72273,12872,1640,8383,20313,8441,1770,4078
"Amherst Town-Northampton, MA Metro Area",11200,87001,162028,100832,17770,2922,8550,24154,18950,3108,5822
"Amsterdam, NY Micro Area",11220,64943,49528,34301,10240,1815,4829,4748,2505,319,291
"Anchorage, AK Metro Area",11260,100505,401964,267713,58349,13081,24263,57575,25023,6679,3540
"Anderson Creek, NC Micro Area",11360,71287,139150,92116,21381,4404,12291,14791,6081,993,672
"Andrews, TX Micro Area",11380,72242,18610,11259,3125,634,756,1634,245,28,84
"Angola, IN Micro Area",11420,74911,34726,24033,7430,1351,2403,3940,1831,236,155
"Ann Arbor, MI Metro Area",11460,89180,369822,237324,28281,5943,15919,64674,46968,12326,15373
"Anniston-Oxford, AL Metro Area",11500,55029,116090,78486,21726,5388,6803,9874,4609,860,864
"Appleton, WI Metro Area",11540,85825,245768,169765,46852,4618,23240,39891,11975,2330,1447
"Arcadia, FL Micro Area",11580,54417,35386,26215,7021,2314,1972,1976,704,79,73
"Ardmore, OK Micro Area",11620,60723,48555,32464,9858,2119,2475,4297,1699,257,215
"Arecibo, PR Metro Area",11640,25084,180767,136759,35288,2185,19823,27319,6855,782,1571
"Arkadelphia, AR Micro Area",11660,52034,21125,12380,3662,598,709,2099,847,41,255
"Arkansas City-Winfield, KS Micro Area",11680,57878,34411,22708,5603,1496,2775,3672,1536,124,237
"Asheville, NC Metro Area",11700,71838,414711,309724,60631,12541,27304,78889,35883,10391,6499
"Ashland, OH Micro Area",11740,69860,52256,36027,13980,1520,3133,5470,1966,436,266
"Astoria, OR Micro Area",11820,71822,41363,31338,6639,1357,3801,5587,2616,532,270
"Atchison, KS Micro Area",11860,61112,16208,9846,3640,484,752,1322,666,59,102
"Athens, OH Micro Area",11900,56001,61737,36401,9241,1385,3382,5928,5003,439,1341
"Athens, TN Micro Area",11940,61438,68227,48349,15817,4299,3918,5540,1884,698,386
"Athens, TX Micro Area",11980,65179,84862,60088,16061,3831,5580,8306,3189,556,372
"Athens-Clarke County, GA Metro Area",12020,65608,220197,135797,24986,5012,9766,29079,17974,4609,6984
"Atlanta-Sandy Springs-Roswell, GA Metro Area",12060,89724,6256377,4213079,814977,146136,338065,1084573,503323,113445,75412
"Atlantic City-Hammonton, NJ Metro Area",12100,82105,371211,267290,76174,9042,20387,58701,22648,6443,2556
"Auburn, IN Micro Area",12140,74331,43807,29855,9974,2442,3171,4234,1521,177,99
"Auburn, NY Micro Area",12180,67904,75102,54962,13964,3335,8794,7341,4993,596,599
"Auburn-Opelika, AL Metro Area",12220,63649,199825,124218,22443,5780,10894,27317,15614,2732,4544
"Augusta-Richmond County, GA-SC Metro Area",12260,69344,624181,426107,102476,21721,43595,75133,35175,9374,6031
"Augusta-Waterville, ME Micro Area",12300,69077,126808,91526,25648,4856,9805,18088,7621,1847,1663
"Austin, MN Micro Area",12380,73074,40343,26756,7246,1359,3534,4190,1636,328,245
"Austin-Round Rock-San Marcos, TX Metro Area",12420,100431,2426592,1670579,230182,49998,108680,531649,236077,45405,37843
"Bainbridge, GA Micro Area",12460,53317,29195,19522,5194,1335,2784,1754,872,270,61
"Baker City, OR Micro Area",12520,60936,16840,12616,2722,750,1683,2385,729,139,45
"Bakersfield-Delano, CA Metro Area",12540,70210,915075,563569,136903,20205,43581,69245,26410,6940,3195
"Baltimore-Columbia-Towson, MD Metro Area",12580,99470,2849436,1980396,399685,62212,136552,465808,292937,61731,50676
"Bangor, ME Metro Area",12620,66356,154710,111532,30204,6273,13370,20331,8885,2026,2378
"Baraboo, WI Micro Area",12660,79541,66009,46519,12694,1828,6148,8889,2793,692,348
"Barnstable Town, MA Metro Area",12700,95241,231668,183732,33982,4388,16894,47512,29705,6318,5091
"Barre, VT Micro Area",12740,83449,60017,44302,9938,1000,3592,12644,6750,1207,715
"Bartlesville, OK Micro Area",12780,60162,53326,36163,10611,1969,2744,7510,2563,416,383
"Batavia, NY Micro Area",12860,73314,57787,41686,12991,2231,6469,5584,3683,527,137
"Batesville, AR Micro Area",12900,56609,38175,25236,7602,1829,2585,3035,1106,250,186
"Baton Rouge, LA Metro Area",12940,69599,875313,570234,147797,29027,41688,106950,47239,10582,8746
"Battle Creek, MI Metro Area",12980,63177,133778,91914,28049,4448,9117,13769,5633,926,729
"Bay City, MI Metro Area",13020,61763,103008,75312,22263,2628,9135,11358,4166,693,442
"Bay City, TX Micro Area",13060,58628,36329,24238,5522,1708,2234,3419,1621,170,160
"Beatrice, NE Micro Area",13100,67247,21629,15192,4726,672,2203,2601,655,154,104
"Beaumont-Port Arthur, TX Metro Area",13140,64659,396827,265577,77189,14481,27603,36012,11867,2134,1736
"Beaver Dam, WI Micro Area",13180,75929,88742,64592,23130,2900,7552,9307,2958,573,281
"Beckley, WV Metro Area",13220,52620,112714,80850,27235,5796,6684,10361,4362,961,595
"Bedford, IN Micro Area",13260,66468,45102,32168,9951,2853,3212,3984,2079,312,191
"Beeville, TX Micro Area",13300,57673,31083,21261,5412,2890,1923,2014,722,91,143
"Bellefontaine, OH Micro Area",13340,71551,46089,32259,12903,1316,3457,4107,1550,198,180
"Bellingham, WA Metro Area",13380,81784,230503,157791,27834,5183,16684,38558,16257,3568,3694
"Bemidji, MN Micro Area",13420,68975,46512,29008,6275,1435,3667,5710,2383,681,458
"Bend, OR Metro Area",13460,89788,257814,191189,34591,7883,17932,49072,20080,5255,2746
"Bennington, VT Micro Area",13540,73325,37269,27047,6321,818,2388,5984,4049,787,494
"Big Rapids, MI Micro Area",13660,60951,41242,27114,8748,1269,2660,4001,1459,301,327
"Big Spring, TX Micro Area",13700,69649,32290,22132,5538,1657,1980,2366,758,155,193
"Billings, MT Metro Area",13740,77194,189255,132024,31966,6928,12424,31225,9113,2737,1914
"Binghamton, NY Metro Area",13780,64590,245242,165301,41782,9185,22308,27049,16961,2437,2866
"Birmingham, AL Metro Area",13820,71498,1184613,810907,190814,33414,68774,167866,72066,20933,12609
"Bishop, CA Micro Area",13860,73991,18739,13770,3176,579,981,2617,1284,142,294
"Bismarck, ND Metro Area",13900,85156,136216,92525,18521,3797,13222,23861,7168,1700,851
"Blackfoot, ID Micro Area",13940,77878,49664,30650,7553,1795,3256,4628,1673,233,139
"Blacksburg-Christiansburg-Radford, VA Metro Area",13980,65839,181664,112826,27940,5325,10304,20431,13077,2068,4965
"Bloomington, IL Metro Area",14010,79905,171556,106224,20437,3379,9290,32898,12225,2868,2166
"Bloomington, IN Metro Area",14020,65543,162569,98983,19279,4741,7604,21584,14947,2441,4847
"Bloomsburg-Berwick, PA Micro Area",14100,64644,65362,44011,17725,1628,3433,6967,3544,513,692
"Bluefield, WV-VA Micro Area",14140,50550,98187,70277,22205,5082,6499,9215,4162,459,428
"Blytheville, AR Micro Area",14180,52548,39126,25607,8282,2449,2453,2096,1145,173,94
"Bogalusa, LA Micro Area",14220,45380,45120,30848,11336,2705,1815,2748,1022,154,28
"Boise City, ID Metro Area",14260,85987,811115,548846,105240,25811,46873,135013,49142,11312,7967
"Bonham, TX Micro Area",14300,72295,37326,26524,7448,2066,1859,3426,1301,253,188
"Boone, NC Micro Area",14380,51693,55123,31109,5374,1103,2210,8190,4421,941,1404
"Borger, TX Micro Area",14420,67228,20184,13356,3023,1049,1441,1687,474,61,18
"Boston-Cambridge-Newton, MA-NH Metro Area",14460,115863,4953354,3510605,631844,85100,241184,975115,585710,127352,135516
"Boulder, CO Metro Area",14500,103994,328961,220629,20754,4129,12628,75396,45033,8149,12968
"Bowling Green, KY Metro Area",14540,63328,186959,119390,31541,6555,10724,19768,8953,2327,1532
"Bozeman, MT Metro Area",14580,93528,124074,81048,11885,2021,5254,27561,10286,2927,3216
"Bradford, PA Micro Area",14620,62905,39904,28513,11259,1893,3017,3724,1775,258,186
"Brainerd, MN Micro Area",14660,71384,98678,72262,18444,2753,9818,13949,4755,1271,447
"Branson, MO Micro Area",14700,56497,56529,39109,10704,2380,3555,6441,2226,532,581
"Brattleboro, VT Micro Area",14710,72217,45923,34265,8471,1131,2297,7788,5376,1062,858
"Breckenridge, CO Micro Area",14720,105544,38397,29209,4310,803,1899,9710,3965,1534,572
"Bremerton-Silverdale-Port Orchard, WA Metro Area",14740,104158,277881,198424,34973,6449,22457,47450,20300,4875,2655
"Brenham, TX Micro Area",14780,77825,36647,24835,6052,1331,1873,5260,1639,477,257
"Brevard, NC Micro Area",14820,66184,33691,25917,5159,1086,2601,6334,3038,647,338
"Bridgeport-Stamford-Danbury, CT Metro Area",14860,114565,956330,660738,114992,16184,38187,184950,109392,29219,12722
"Brigham City, UT-ID Micro Area",14940,83616,66014,40109,11308,1685,3574,7821,2311,339,236
"Brookhaven, MS Micro Area",15020,51119,34877,24161,6629,1693,3103,3121,1211,234,92
"Brookings, OR Micro Area",15060,62244,23381,19187,4817,972,1834,2651,1073,202,308
"Brookings, SD Micro Area",15100,70064,35353,19194,4137,548,2133,5418,1524,552,665
"Brownsville-Harlingen, TX Metro Area",15180,52601,426120,257360,54252,12212,19788,38820,13763,2970,1266
"Brownwood, TX Micro Area",15220,57470,38347,27106,7352,2005,2108,3931,1190,153,193
"Brunswick-St. Simons, GA Metro Area",15260,66623,115074,83143,19839,5331,7763,14318,5957,2201,1053
"Bucyrus, OH Micro Area",15340,58044,41711,29503,11408,1635,3350,3047,1582,232,225
"Buffalo-Cheektowaga, NY Metro Area",15380,72237,1161343,826432,181181,37759,101696,166071,99598,18541,14844
"Burley, ID Micro Area",15420,70536,47691,29045,7068,1554,3080,3514,1241,527,123
"Burlington, IA-IL Micro Area",15460,62811,44680,31724,9717,1694,4129,5161,1503,427,318
"Burlington, NC Metro Area",15500,65651,176893,119714,27269,6166,13757,22917,8586,1236,1637
"Burlington-South Burlington, VT Metro Area",15540,93043,227846,156733,31303,3454,13767,45353,23014,5233,5040
"Butte-Silver Bow, MT Micro Area",15580,61754,35785,24695,6409,1602,2282,4687,1685,301,239
"Cadillac, MI Micro Area",15620,62015,49284,34779,10960,1849,3815,4678,1902,332,223
"Calhoun, GA Micro Area",15660,63650,59100,40360,10808,3195,3174,4308,2291,738,256
"Cambridge, MD Micro Area",15700,61839,32754,23451,8354,898,1740,2809,1314,227,189
"Cambridge, OH Micro Area",15740,58478,38223,26959,9925,1359,2674,2705,1317,115,69
"Camden, AR Micro Area",15780,51429,26789,18985,6296,1214,1816,2057,850,223,82
"Campbellsville, KY Micro Area",15820,56014,37766,25575,8005,1979,1718,3127,1539,548,209
"Cañon City, CO Micro Area",15860,62664,49634,38745,10226,5032,3010,6081,1889,336,208
"Canton, IL Micro Area",15900,60599,33020,24116,7543,1454,2944,2998,1142,263,51
"Canton-Massillon, OH Metro Area",15940,67801,400372,281890,95306,10472,26466,45768,19770,3404,2233
"Cape Coral-Fort Myers, FL Metro Area",15980,76107,817666,618547,162732,22110,60384,117673,52333,14428,8582
"Cape Girardeau, MO-IL Metro Area",16020,66759,98169,64971,20152,2748,4457,12259,5050,1012,1010
"Carbondale, IL Micro Area",16060,48763,53064,31605,5552,1768,2644,6167,3398,749,1161
"Carlsbad-Artesia, NM Micro Area",16100,78426,61105,39901,8586,2389,4084,4581,2615,329,177
"Carroll, IA Micro Area",16140,72930,20594,14039,4980,416,1947,2510,472,225,161
"Carson City, NV Metro Area",16180,72355,58384,42203,9331,2378,4562,6146,2878,645,347
"Casper, WY Metro Area",16220,72156,79977,54860,12130,3279,6827,9415,4484,866,411
"Cedar City, UT Micro Area",16260,66247,62252,35634,8011,1566,3708,7426,2809,553,485
"Cedar Rapids, IA Metro Area",16300,78080,276624,190699,46067,7645,25551,42194,15540,3284,1655
"Cedartown, GA Micro Area",16340,58515,43785,29295,9865,2063,2557,2895,1026,461,138
"Celina, OH Micro Area",16380,76782,42484,28245,11251,932,3568,3959,1709,390,140
"Centralia, IL Micro Area",16460,61240,37000,25698,7550,1899,3202,2943,1092,170,103
"Centralia, WA Micro Area",16500,74796,85154,60791,15322,3502,7515,8672,3515,546,364
"Chambersburg, PA Metro Area",16540,77003,157379,111277,41645,5504,9450,16288,8563,1342,1326
"Champaign-Urbana, IL Metro Area",16580,65528,238842,142504,29734,5079,12310,29084,20330,3862,8406
"Charleston, WV Metro Area",16620,60117,205398,148704,47567,8916,11793,24067,10438,4264,1648
"Charleston-Mattoon, IL Micro Area",16660,56478,46777,30304,7824,1490,4013,4786,2546,381,440
"Charleston-North Charleston, SC Metro Area",16700,85254,834267,583372,109873,21611,54016,147264,64771,16538,9559
"Charlotte-Concord-Gastonia, NC-SC Metro Area",16740,83304,2768407,1890821,359888,66215,178885,486353,205154,39728,22793
"Charlottesville, VA Metro Area",16820,93598,224335,155111,24613,4092,10215,41844,26405,6806,7968
"Chattanooga, TN-GA Metro Area",16860,72161,575812,407232,89784,21133,35023,81290,34426,7889,6147
"Cheyenne, WY Metro Area",16940,80173,101060,69419,13060,3637,9799,14500,6596,1246,611
"Chicago-Naperville-Elgin, IL-IN Metro Area",16980,90887,9371595,6482556,1285107,202677,471645,1598318,802337,182476,113516
"Chico, CA Metro Area",17020,67928,207929,135188,26045,4592,14804,27738,10063,3223,2134
"Chillicothe, OH Micro Area",17060,61303,76492,54609,21205,2852,3981,5880,2784,559,278
"Cincinnati, OH-KY-IN Metro Area",17140,81120,2270706,1537545,374418,64037,134847,350347,160850,33567,25835
"Clarksburg, WV Micro Area",17220,59928,89182,64331,21213,3790,4896,9793,4483,1159,481
"Clarksdale, MS Micro Area",17260,37461,20540,13026,2503,1017,1745,1540,727,201,73
"Clarksville, TN-KY Metro Area",17300,68967,334564,208802,51447,10127,23433,35914,16566,2822,2549
"Clearlake, CA Micro Area",17340,60621,68152,48884,11783,2520,6235,5866,1716,876,258
"Cleveland, MS Micro Area",17380,39585,29534,19212,3548,1252,2230,2968,1498,538,370
"Cleveland, OH Metro Area",17410,70678,2171526,1546299,393583,55638,134533,314014,152059,38424,22838
"Cleveland, TN Metro Area",17420,66135,128963,89590,21357,6866,9516,12228,6024,1340,1260
"Clewiston, FL Micro Area",17500,53559,54945,37058,10328,2172,3248,3341,905,272,120
"Clinton, IA Micro Area",17540,66981,46268,32266,9674,1861,4223,4973,1563,348,340
"Clovis, NM Micro Area",17580,55690,66566,40759,9159,1953,3829,5289,3228,313,433
"Coamo, PR Micro Area",17620,23203,53901,40439,14731,647,3838,8185,1740,80,455
"Coco, PR Micro Area",17640,21901,25079,18525,7251,234,1946,3032,519,47,71
"Cody, WY Micro Area",17650,73035,30449,21880,4235,642,3200,4732,2029,528,585
"Coeur d'Alene, ID Metro Area",17660,81861,181996,128268,27374,6639,14285,25966,8523,2296,1634
"Coldwater, MI Micro Area",17740,63724,45300,31177,9864,2099,3062,3853,1236,215,85
"College Station-Bryan, TX Metro Area",17780,60087,278335,154455,29677,6869,10965,34711,16089,2731,7769
"Colorado Springs, CO Metro Area",17820,90144,767824,513442,82437,18852,55506,128069,66765,9916,9475
"Columbia, MO Metro Area",17860,72340,215014,132794,24973,4907,9980,35599,17563,4727,5824
"Columbia, SC Metro Area",17900,68359,849181,567254,122489,22764,54573,119264,58572,12488,10279
"Columbus, GA-AL Metro Area",17980,59336,325615,217837,51043,11287,20703,36991,17674,3566,2931
"Columbus, IN Metro Area",18020,79901,83536,56413,14908,3502,4517,11086,6676,929,546
"Columbus, MS Micro Area",18060,51117,67863,45253,12134,2923,3759,7547,2965,722,318
"Columbus, NE Micro Area",18100,75378,45357,29087,8167,1143,3875,4428,1371,244,112
"Columbus, OH Metro Area",18140,81945,2175788,1474109,346205,45767,110674,363297,160697,36775,25944
"Concord, NH Micro Area",18180,97004,155967,113343,26465,5308,11954,25766,13095,3163,2077
"Connersville, IN Micro Area",18220,59321,23334,16358,4958,1991,1355,1935,620,49,21
"Cookeville, TN Micro Area",18260,55380,145812,99051,29612,7062,6198,14382,5665,1394,1313
"Coos Bay-North Bend, OR Micro Area",18300,62143,64827,48972,11820,2854,5394,6702,3115,838,436
"Corbin, KY Micro Area",18340,46363,149689,101698,31304,9244,6646,9164,6183,1388,774
"Cordele, GA Micro Area",18380,45105,19790,13454,4524,678,1303,1325,448,193,96
"Corinth, MS Micro Area",18420,51260,34289,23932,6625,2043,2250,2920,1125,318,78
"Cornelia, GA Micro Area",18460,67309,47793,32671,7924,2562,2355,4701,2401,576,375
"Corning, NY Micro Area",18500,65887,92588,65996,19146,3922,9451,9084,6164,1068,1069
"Corpus Christi, TX Metro Area",18580,67453,448012,300255,72849,17055,26769,46105,17073,3560,2827
"Corsicana, TX Micro Area",18620,63111,54711,34818,8311,1775,3215,4337,1463,265,282
"Cortland, NY Micro Area",18660,70418,46246,29317,7498,1803,3682,4495,3078,419,550
"Corvallis, OR Metro Area",18700,77702,96303,60295,6864,1539,5011,16900,9362,2020,4397
"Coshocton, OH Micro Area",18740,55577,36744,25292,9074,1189,2410,2872,1099,154,98
"Crawfordsville, IN Micro Area",18820,71479,38312,26104,9675,1402,2333,3419,1506,86,319
"Crescent City, CA Micro Area",18860,67058,27107,19816,4045,1236,1955,2660,1064,395,120
"Crestview-Fort Walton Beach-Destin, FL Metro Area",18880,81993,299547,209857,42580,9389,24086,44852,21523,4294,2529
"Crossville, TN Micro Area",18900,60375,63553,49349,16118,4414,4148,5748,2643,575,439
"Cullman, AL Micro Area",18980,62656,90566,63243,16333,3863,7686,8261,3406,531,255
"Cumberland, MD-WV Micro Area",19060,62091,94306,67226,23946,4234,6346,8010,5506,634,543
"Dallas-Fort Worth-Arlington, TX Metro Area",19100,90275,7985590,5250335,954385,177481,388274,1310869,580197,107314,69568
"Dalton, GA Metro Area",19140,67846,144160,95354,23966,7067,6468,10364,4573,2346,580
"Danville, IL Micro Area",19180,56877,72386,49879,15728,3834,5914,5690,3294,437,170
"Danville, KY Micro Area",19220,56921,55445,37690,11904,3223,2808,4588,2769,631,168
"Danville, VA Micro Area",19260,49874,102070,73820,24148,5688,7046,8315,3705,581,313
"Daphne-Fairhope-Foley, AL Metro Area",19300,78775,246989,177628,39036,9044,17325,37938,15646,4035,2223
"Davenport-Moline-Rock Island, IA-IL Metro Area",19340,72738,381503,263369,63462,13522,29584,49772,21987,4054,3055
"Dayton-Kettering-Beavercreek, OH Metro Area",19430,71739,816080,561089,137112,20198,57641,105238,61224,9754,7946
"Decatur, AL Metro Area",19460,68116,157747,108806,29659,6366,9858,15271,6310,1176,677
"Decatur, IL Metro Area",19500,62666,101849,70226,22992,3612,6236,11294,4605,611,619
"Decatur, IN Micro Area",19540,65289,36227,21694,8658,1180,2466,2408,827,153,118
"Defiance, OH Micro Area",19580,73064,38343,26401,10015,1023,3154,3314,1569,109,26
"Del Rio, TX Micro Area",19620,66100,47741,29064,6314,2566,2436,3741,2234,392,182
"Deltona-Daytona Beach-Ormond Beach, FL Metro Area",19660,71277,706150,531074,131875,27529,60128,99708,37797,9291,6744
"Deming, NM Micro Area",19700,36419,25611,16514,4793,904,812,1574,646,165,24
"Denver-Aurora-Centennial, CO Metro Area",19740,105762,3002721,2129090,309652,74066,153970,656454,291007,61606,42793
"DeRidder, LA Micro Area",19760,65944,36676,24531,8388,1963,2196,2842,1122,157,62
"Des Moines-West Des Moines, IA Metro Area",19780,85890,731120,489787,101413,18080,50953,131138,45481,10448,7484
"Detroit Lakes, MN Micro Area",19810,71388,35343,24568,5886,1008,3530,4677,1654,379,165
"Detroit-Warren-Dearborn, MI Metro Area",19820,76664,4376828,3077577,679902,111202,284184,642231,323596,68384,36155
"Dickinson, ND Micro Area",19860,85938,38366,25140,6791,997,2644,5668,1226,288,246
"Dixon, IL Micro Area",19940,70292,33869,24965,7430,1985,2551,3108,1136,421,170
"Dodge City, KS Micro Area",19980,70781,34074,20254,5003,886,1841,2750,1086,287,65
"Dothan, AL Metro Area",20020,57791,152674,106909,29167,6532,10739,14449,6164,1335,665
"Douglas, GA Micro Area",20060,48870,51684,34378,9683,3145,2713,2497,1273,522,210
"Dover, DE Metro Area",20100,74477,187604,126457,35544,7256,11096,20776,11406,1459,1182
"Dublin, GA Micro Area",20140,54207,58988,40359,13136,2868,3287,3708,2460,507,320
"DuBois, PA Micro Area",20180,62152,78635,58829,23524,3402,6595,8087,2841,669,308
"Dubuque, IA Metro Area",20220,77630,99030,67015,19275,2216,7190,14589,6002,1003,768
"Duluth, MN-WI Metro Area",20260,71769,280870,196545,44627,7758,26940,40558,15100,3958,2890
"Dumas, TX Micro Area",20300,61762,21373,12720,3572,322,986,1213,311,16,24
"Duncan, OK Micro Area",20340,61620,43551,30321,10849,1778,1589,4092,1760,204,195
"Durango, CO Micro Area",20420,86056,56331,41347,6623,1358,3719,12427,5384,1362,1206
"Durant, OK Micro Area",20460,57225,48253,32255,8953,1916,1854,5789,2309,227,222
"Durham-Chapel Hill, NC Metro Area",20500,83500,601724,414288,57211,11216,31556,111925,66090,19614,23521
"Dyersburg, TN Micro Area",20540,58154,36508,24967,7731,2599,1818,3397,1133,483,258
"Eagle Pass, TX Metro Area",20580,49568,58082,33789,7507,2264,2353,3375,796,570,81
"Easton, MD Micro Area",20660,84811,37917,28694,5798,748,2066,6966,3082,1354,650
"East Stroudsburg, PA Micro Area",20700,83565,167515,120121,37943,5396,10078,20388,10016,1307,1194
"Eau Claire, WI Metro Area",20740,74595,173915,116814,30880,3505,17410,25322,8058,1932,1631
"Edwards, CO Micro Area",20780,104096,55135,40108,6276,1337,3967,13475,5074,1190,691
"Effingham, IL Micro Area",20820,79157,44856,31137,8685,1266,4849,5260,1947,431,199
"El Campo, TX Micro Area",20900,66924,41794,27334,7297,1707,3401,4280,1102,206,79
"El Centro, CA Metro Area",20940,57681,180202,111419,23568,5030,9170,12870,3594,1163,275
"El Dorado, AR Micro Area",20980,55259,37900,25911,8677,1381,2103,3170,1416,279,79
"Elizabeth City, NC Micro Area",21020,66589,40834,28086,5704,1815,3367,5226,1774,428,310
"Elizabethtown, KY Metro Area",21060,67534,127049,85479,22129,5446,8931,12049,6753,1011,437
"Elk City, OK Micro Area",21120,53328,22148,15287,5023,1611,1299,1446,475,47,11
"Elkhart-Goshen, IN Metro Area",21140,68561,207132,131311,40440,8065,9016,16780,7192,1633,820
"Elkins, WV Micro Area",21180,52757,27576,20279,7739,1906,1060,2835,867,146,165
"Elko, NV Micro Area",21220,85882,55632,36317,10293,2227,3632,4236,1628,354,231
"Ellensburg, WA Micro Area",21260,73804,47172,29857,6102,1420,2608,6896,2953,658,539
"Elmira, NY Metro Area",21300,63716,82147,58412,15918,3973,7565,8865,5700,731,605
"El Paso, TX Metro Area",21340,59751,874182,551308,104637,34029,50294,95779,34843,7091,4982
"Emporia, KS Micro Area",21380,59354,34747,21504,6119,1048,1740,3441,1832,214,239
"Enid, OK Metro Area",21420,66182,62146,40402,12333,2697,3117,6581,2280,359,180
"Enterprise, AL Micro Area",21460,68353,54920,37306,9216,2030,4939,4609,2855,579,345
"Erie, PA Metro Area",21500,63354,269052,186383,60156,9372,17983,34731,15902,3081,2764
"Escanaba, MI Micro Area",21540,57809,36813,27317,8399,932,4203,4082,1170,232,152
"Española, NM Micro Area",21580,57155,40070,27797,8176,1425,2309,2903,2039,73,277
"Eufaula, AL-GA Micro Area",21640,44925,26907,19286,5842,1515,1851,1276,558,181,64
"Eugene-Springfield, OR Metro Area",21660,71544,384207,267847,48916,12443,27056,53761,25455,6434,5505
"Eureka-Arcata, CA Micro Area",21700,61160,134541,93031,18049,3488,9062,19767,7314,2489,1251
"Evanston, WY-UT Micro Area",21740,82471,23275,15192,3822,919,1723,2491,596,239,178
"Evansville, IN Metro Area",21780,68232,270494,186990,49082,9531,21498,35147,15122,2954,1630
"Fairbanks-College, AK Metro Area",21820,88267,95460,61502,13300,3058,6721,12423,5756,799,1362
"Fairmont, MN Micro Area",21860,59507,19780,14004,4164,589,2066,2288,701,229,111
"Fairmont, WV Micro Area",21900,67370,55909,38741,12106,2082,3612,6684,3080,339,433
"Fallon, NV Micro Area",21980,79163,25805,17797,4978,1204,2533,2302,523,176,148
"Fargo, ND-MN Metro Area",22020,76756,259459,162617,25849,5134,22087,45733,15057,3423,3770
"Faribault-Northfield, MN Micro Area",22060,83181,67917,43777,11653,2695,4833,8039,3615,741,812
"Farmington, MO Micro Area",22100,57477,66999,47231,14166,3271,4518,5201,2169,442,335
"Farmington, NM Metro Area",22140,55872,120942,80496,20771,3385,9456,9172,4119,778,632
"Fayetteville, NC Metro Area",22180,61763,392380,245811,56404,9726,30440,42969,18751,3029,2107
"Fayetteville, TN Micro Area",22190,64667,35946,25171,9188,1730,1828,3301,1465,277,153
"Fayetteville-Springdale-Rogers, AR Metro Area",22220,81650,577726,371795,91906,16064,25931,83272,37860,6788,5435
"Fergus Falls, MN Micro Area",22260,72255,60475,43482,10892,1244,7058,8245,2805,869,397
"Findlay, OH Micro Area",22300,73141,74866,51458,16116,2400,5299,9694,4701,548,631
"Fitzgerald, GA Micro Area",22340,41758,17089,11647,4556,787,1167,1049,372,70,18
"Flagstaff, AZ Metro Area",22380,72966,144508,88196,16501,2138,7923,20755,10273,1979,2572
"Flint, MI Metro Area",22420,62281,403305,280648,77093,12791,31064,42902,16990,3835,1606
"Florence, SC Metro Area",22500,54443,199675,136043,40549,5256,15691,18562,9456,1246,1958
"Florence-Muscle Shoals, AL Metro Area",22520,61891,153852,106761,28758,5805,9532,17781,7463,1735,1492
"Fond du Lac, WI Metro Area",22540,74275,104137,73265,24990,3085,9557,11165,3946,759,477
"Forest City, NC Micro Area",22580,51410,64930,47251,11860,2744,5810,6267,2996,391,489
"Forrest City, AR Micro Area",22620,42574,22400,15925,5425,1769,1097,1321,811,41,96
"Fort Collins-Loveland, CO Metro Area",22660,93765,367368,247787,32927,6927,22214,77866,37343,7694,8311
"Fort Dodge, IA Micro Area",22700,68975,36886,24781,6862,1188,3679,4009,960,298,190
"Fort Leonard Wood, MO Micro Area",22780,64466,53894,29551,7784,1323,4026,5126,1923,314,264
"Fort Madison, IA Micro Area",22800,62382,32893,23621,6919,1422,3365,3576,1132,239,176
"Fort Morgan, CO Micro Area",22820,73278,29520,19651,5255,966,2046,2243,952,263,44
"Fort Payne, AL Micro Area",22840,51204,72269,48738,13361,3071,5744,4315,1941,423,184
"Fort Smith, AR-OK Metro Area",22900,58468,229899,155551,42366,10524,13864,20928,8040,2051,1671
"Fort Wayne, IN Metro Area",23060,71213,455416,300883,76368,13106,31591,61065,22341,4728,2754
"Frankfort, IN Micro Area",23140,65019,32944,21285,8215,1184,2004,2409,978,72,54
"Frankfort, KY Micro Area",23180,68568,76195,53420,12445,3977,4496,9802,4628,1038,591
"Franklin, KY Micro Area",23190,59858,19972,13641,4510,1124,1610,1464,1022,34,43
"Fredericksburg, TX Micro Area",23240,76162,27524,20683,4524,726,1678,4811,1976,595,309
"Freeport, IL Micro Area",23300,64043,43768,31205,8562,1743,4188,4284,1785,210,182
"Fremont, NE Micro Area",23340,74329,37351,24706,7583,956,2608,3726,1272,321,113
"Fremont, OH Micro Area",23380,62295,58778,41683,16643,1732,4481,5369,1935,271,74
"Fresno, CA Metro Area",23420,74468,1177665,737665,148318,25295,65996,112744,40620,12527,6703
"Gadsden, AL Metro Area",23460,54563,103105,72481,19904,5068,7663,8093,3277,1256,483
"Gaffney, SC Micro Area",23500,50288,56647,38809,11553,3139,3728,4403,2191,342,208
"Gainesville, FL Metro Area",23540,61468,349923,221466,42839,9786,24297,45693,27149,9153,10642
"Gainesville, GA Metro Area",23580,80901,212705,142481,32033,7201,10872,23746,9417,3614,2106
"Gainesville, TX Micro Area",23620,73932,43046,29120,7325,1511,2462,4539,1849,139,361
"Galesburg, IL Micro Area",23660,57030,49046,34285,9168,2350,4648,4646,1948,264,332
"Gallipolis, OH Micro Area",23680,56830,29068,19843,6973,1094,2028,2265,1408,238,154
"Gallup, NM Micro Area",23700,47668,70431,45002,14765,1367,3406,3610,1795,283,297
"Garden City, KS Micro Area",23780,73009,38084,22709,3968,1400,2392,2953,1106,185,68
"Gardnerville Ranchos, NV-CA Micro Area",23820,91077,51239,40723,7993,1667,4541,8588,3125,730,537
"Gettysburg, PA Metro Area",23900,84092,106115,74849,26630,3269,6772,11143,6388,907,844
"Gillette, WY Micro Area",23940,89869,47240,31127,8540,1619,3435,4489,2388,161,224
"Glasgow, KY Micro Area",23980,50729,55363,38281,12876,3301,3365,4130,1892,472,134
"Glens Falls, NY Metro Area",24020,75836,126039,95013,24786,6010,11614,15933,9201,2218,885
"Gloversville, NY Micro Area",24100,66533,52487,38073,11476,2399,5878,5013,2460,226,261
"Goldsboro, NC Metro Area",24140,59733,118652,79122,20007,3497,9745,11999,4201,527,477
"Granbury, TX Micro Area",24180,88160,65894,48057,10510,2600,3548,10932,3804,501,596
"Grand Forks, ND-MN Metro Area",24220,69836,103628,64281,13285,2008,8651,14672,5039,1263,1376
"Grand Island, NE Metro Area",24260,69704,76794,50061,14421,1884,5151,6885,3020,560,322
"Grand Junction, CO Metro Area",24300,73658,158601,112574,25370,5954,9928,24378,8146,2045,1806
"Grand Rapids, MN Micro Area",24330,68603,45275,33202,8716,1283,4806,5504,2411,373,311
"Grand Rapids-Wyoming-Kentwood, MI Metro Area",24340,82874,1162152,778630,177398,28292,73987,184499,74909,14206,10930
"Grants Pass, OR Metro Area",24420,60098,88179,65847,15976,4456,6820,8234,3519,703,512
"Great Bend, KS Micro Area",24460,58851,25097,17024,3902,881,2167,2660,772,198,60
"Great Falls, MT Metro Area",24500,67690,84606,58253,15329,3491,6451,10460,4490,1093,515
"Greeley, CO Metro Area",24540,97097,350396,230156,43957,10269,23070,48843,20999,3336,3171
"Green Bay, WI Metro Area",24580,79267,331145,227879,62670,8205,29869,48869,16355,2957,2161
"Greencastle, IN Micro Area",24600,78378,37280,25447,8920,1254,2567,3487,1188,215,256
"Greeneville, TN Micro Area",24620,56194,71628,51956,18330,4041,4030,6042,2681,577,418
"Greenfield, MA Micro Area",24640,74907,70944,54405,12734,1921,5527,12024,7152,1231,1676
"Greensboro-High Point, NC Metro Area",24660,65565,786419,531868,116969,22385,50887,108691,46144,8695,7783
"Greensburg, IN Micro Area",24700,69783,26422,18116,6761,1057,1791,2658,798,60,101
"Greenville, MS Micro Area",24740,42165,42765,28207,7476,1577,2528,3659,1874,393,380
"Greenville, NC Metro Area",24780,58188,177193,107483,21456,5171,13613,21029,10438,3135,1756
"Greenville, OH Micro Area",24820,64486,51594,35460,14688,1554,3015,3936,1513,263,134
"Greenville-Anderson-Greer, SC Metro Area",24860,71240,961939,654478,139945,33065,65727,141560,60181,13435,11200
"Greenwood, MS Micro Area",24900,39534,36827,24530,5512,1379,2584,3159,1581,187,263
"Greenwood, SC Micro Area",24940,52860,93909,64351,19021,3348,8290,9560,4181,882,505
"Grenada, MS Micro Area",24980,46897,30819,21079,4989,2011,2196,2566,1449,337,79
"Guayama, PR Metro Area",25020,21186,66202,49119,14838,987,5699,8349,2753,274,671
"Gulfport-Biloxi, MS Metro Area",25060,62418,421201,289753,62760,18350,35456,48309,21390,4503,3042
"Guymon, OK Micro Area",25100,60069,20774,12592,3533,496,538,1814,768,66,136
"Hagerstown-Martinsburg, MD-WV Metro Area",25180,78802,302649,212544,64977,12265,18968,31402,16080,2262,1622
"Hailey, ID Micro Area",25200,88522,31433,22564,3868,761,1713,6811,1939,502,161
"Hammond, LA Metro Area",25220,56760,136738,89724,25579,6110,7139,12746,4460,737,728
"Hanford-Corcoran, CA Metro Area",25260,70995,153298,96271,24867,3622,9753,8974,3118,510,534
"Hannibal, MO Micro Area",25300,63545,38885,26648,10186,1176,1915,3606,1907,361,117
"Harrisburg-Carlisle, PA Metro Area",25420,80919,604155,421449,118563,16930,37934,92660,41606,10284,6207
"Harrison, AR Micro Area",25460,54384,45250,31899,9956,2170,3175,3604,1474,217,111
"Harrisonburg, VA Metro Area",25500,75065,136992,84506,22781,4225,6696,15007,8131,1559,2000
"Hartford-West Hartford-East Hartford, CT Metro Area",25540,95118,1153112,812615,176339,25160,67039,191923,114907,24335,15994
"Hastings, NE Micro Area",25580,69510,40507,26898,6444,684,3884,4552,1876,592,424
"Hattiesburg, MS Metro Area",25620,60285,155434,99734,22980,5095,10298,18346,8814,2179,1489
"Hays, KS Micro Area",25700,63084,28920,17374,4050,618,1424,4266,1568,358,569
"Heber, UT Micro Area",25720,127160,79612,52275,7118,769,3529,18310,7678,2015,1334
"Helena, MT Metro Area",25740,78528,93906,67569,13335,2883,7172,18017,6345,1781,1010
"Hemlock Farms, PA Micro Area",25770,81323,60621,46149,13875,2069,5008,8191,4609,449,446
"Henderson, KY Micro Area",25775,59053,57122,39721,12557,2816,4199,4867,1974,352,164
"Henderson, NC Micro Area",25780,50465,42322,28532,8375,2205,2629,3529,1042,197,138
"Hereford, TX Micro Area",25820,60799,18460,10722,3310,1102,468,886,203,44,93
"Hermiston-Pendleton, OR Micro Area",25840,68427,92240,61014,15288,4375,5725,6865,2930,523,214
"Hermitage, PA Micro Area",25850,59976,109257,78478,28602,3006,7411,13359,5218,655,878
"Hickory-Lenoir-Morganton, NC Metro Area",25860,62787,368316,264723,68057,16075,30698,40388,14071,2897,1671
"Hillsdale, MI Micro Area",25880,64242,45654,31627,10897,1846,2818,4122,1910,214,449
"Hilo-Kailua, HI Micro Area",25900,78639,205769,149578,39081,5037,17695,28558,11852,4171,2420
"Hilton Head Island-Bluffton-Port Royal, SC Metro Area",25940,83304,227455,166140,33470,4257,13520,42503,21235,5157,2745
"Hinesville, GA Metro Area",25980,61709,85771,50799,14535,2876,5166,6501,2271,491,301
"Hobbs, NM Micro Area",26020,68015,73733,44215,11507,2772,3309,3619,2823,170,258
"Holland, MI Micro Area",26090,83283,121456,84097,25764,4210,7345,15195,5908,999,722
"Homosassa Springs, FL Metro Area",26140,56546,162472,129981,41145,8724,12893,17051,6787,1967,992
"Hood River, OR Micro Area",26220,88947,23905,16924,2453,523,1258,4126,1806,744,260
"Hot Springs, AR Metro Area",26300,57181,100035,73124,19007,3668,7741,11844,5015,1000,663
"Houghton, MI Micro Area",26340,58128,39826,23690,5890,695,1964,4934,2556,300,1102
"Houma-Bayou Cane-Thibodaux, LA Metro Area",26380,64038,202438,136821,43421,11084,9225,18030,6252,1738,1147
"Houston-Pasadena-The Woodlands, TX Metro Area",26420,82168,7442788,4837926,901251,193144,360542,1080098,465149,113140,84057
"Hudson, NY Micro Area",26460,81528,61100,47481,10495,2429,6011,9073,6830,1877,914
"Huntingdon, PA Micro Area",26500,65557,43653,31749,13840,2027,3016,3917,1580,214,392
"Huntington, IN Micro Area",26540,66301,36798,25406,9396,1845,2624,3541,1316,393,151
"Huntington-Ashland, WV-KY-OH Metro Area",26580,60078,370729,259495,79479,14226,27272,35284,18175,4206,3216
"Huntsville, AL Metro Area",26620,85989,516951,357065,59257,14899,28423,91131,48806,6248,6881
"Huntsville, TX Micro Area",26660,52324,80209,53973,12280,6004,4116,7856,2923,225,638
"Huron, SD Micro Area",26700,67681,19309,12450,3283,704,1658,2361,750,40,231
"Hutchinson, KS Micro Area",26740,60645,61553,42501,10745,2525,5153,5762,2342,398,168
"Hutchinson, MN Micro Area",26780,80084,36798,25777,8205,849,4127,3568,1171,342,124
"Idaho Falls, ID Metro Area",26820,80291,165361,101410,19824,5076,11948,22311,6939,1553,1362
"Indiana, PA Micro Area",26860,60208,83042,54359,19562,2439,5524,8550,4475,710,936
"Indianapolis-Carmel-Greenwood, IN Metro Area",26900,79852,2130055,1426691,317480,59740,116247,347581,144257,35706,22241
"Iowa City, IA Metro Area",26980,75088,179200,109224,17594,2243,10385,31789,14007,4677,5322
"Iron Mountain, MI-WI Micro Area",27020,64552,30600,22802,7224,791,2735,4055,1287,265,154
"Ithaca, NY Metro Area",27060,74024,104537,61195,8139,2049,4597,14652,11743,2354,7209
"Jackson, MI Metro Area",27100,66073,160060,112708,32694,6461,11883,17538,7062,1000,781
"Jackson, MS Metro Area",27140,61644,611324,411711,80356,19856,41751,79590,35496,9692,7668
"Jackson, TN Metro Area",27180,61177,181719,122650,38287,7606,8471,17545,8283,1707,1493
"Jackson, WY-ID Micro Area",27220,118796,35821,26847,3788,536,1211,10008,3725,913,762
"Jacksonville, FL Metro Area",27260,79643,1683960,1175272,253886,52449,115616,280172,107327,25498,15863
"Jacksonville, IL Micro Area",27300,66353,37958,26441,9133,1500,2036,4168,1212,372,184
"Jacksonville, NC Metro Area",27340,68148,207906,114320,29535,3904,13908,19336,8096,1188,1101
"Jacksonville, TX Micro Area",27380,61261,51886,34679,9616,2547,2468,4377,1745,234,212
"Jamestown, ND Micro Area",27420,61856,21549,15068,4581,872,1737,2856,792,120,129
"Jamestown-Dunkirk, NY Micro Area",27460,58351,125544,88242,23980,5091,12945,12193,7940,981,1053
"Janesville-Beloit, WI Metro Area",27500,75673,164350,113735,32933,4958,13537,20122,7103,1059,1074
"Jasper, IN Micro Area",27540,75979,43614,29878,9624,1035,3137,5532,1621,278,249
"Jefferson, GA Micro Area",27600,89544,84757,57117,14420,3117,5167,10472,3956,1037,426
"Jefferson City, MO Metro Area",27620,74030,150437,103676,28816,5981,8815,20970,8423,1756,1087
"Jesup, GA Micro Area",27700,53427,30949,20890,6814,1857,1845,2098,837,399,51
"Johnson City, TN Metro Area",27740,57762,210729,149695,39472,8728,12199,26092,11994,3223,2544
"Johnstown, PA Metro Area",27780,58418,131538,94666,37352,3738,9942,14824,5842,1271,692
"Jonesboro, AR Metro Area",27860,56738,135792,87937,23865,5821,6917,14181,6274,1546,1288
"Joplin, MO-KS Metro Area",27900,61901,203626,135978,38412,7966,11086,22260,7667,1761,1193
"Juneau, AK Micro Area",27940,101661,31794,22748,3632,1061,2333,5840,2397,656,488
"Kahului-Wailuku, HI Metro Area",27980,97109,164589,119223,32531,3427,11879,24587,8303,2761,1264
"Kalamazoo-Portage, MI Metro Area",28020,72532,262375,167183,32529,4681,16081,41575,19833,3889,3700
"Kalispell, MT Micro Area",28060,73925,110695,79424,17752,3890,7751,19190,7173,1844,1326
"Kankakee, IL Metro Area",28100,71281,106635,71873,21942,3169,7328,9385,4388,841,612
"Kansas City, MO-KS Metro Area",28140,83460,2218142,1512611,322394,49830,118462,372319,170327,38198,20734
"Kapaa, HI Micro Area",28180,97668,73731,53395,14401,1181,6208,10531,3810,1075,648
"Kearney, NE Micro Area",28260,76109,57292,36370,7455,1471,3887,8567,2638,569,732
"Keene, NH Micro Area",28300,83329,77297,55786,15185,2087,5487,12022,6060,944,801
"Kendallville, IN Micro Area",28340,71723,47495,32067,9938,2632,2472,3877,1719,233,199
"Kennett, MO Micro Area",28380,47849,27493,18193,6056,1361,1852,1281,904,169,50
"Kennewick-Richland, WA Metro Area",28420,89010,311807,197207,38304,10066,20830,36025,16302,2512,3611
"Kenosha, WI Metro Area",28450,81239,168438,115540,26297,5682,12418,23543,9404,1765,1279
"Kerrville, TX Micro Area",28500,69395,53489,39521,10103,1826,3363,7540,3309,873,657
"Ketchikan, AK Micro Area",28540,92885,13768,9970,2472,540,806,1782,691,108,154
"Key West-Key Largo, FL Micro Area",28580,87738,81860,64618,16108,1855,5230,15099,6836,1972,1053
"Kill Devil Hills, NC Micro Area",28620,88994,37875,28880,5267,875,2375,8675,2897,581,326
"Killeen-Temple, TX Metro Area",28660,69923,494360,309958,66538,18028,31400,53191,20002,3784,2500
"Kingsland, GA Micro Area",28680,74378,56970,37101,8789,2224,3742,5728,2574,504,303
"Kingsport-Bristol, TN-VA Metro Area",28700,57792,310842,229428,64441,16487,21779,35926,13897,2845,2226
"Kingston, NY Metro Area",28740,86271,182601,134979,31127,6031,12387,27981,18070,3288,2252
"Kingsville, TX Micro Area",28780,61292,30579,17099,4273,1552,1113,2518,1171,40,241
"Kinston, NC Micro Area",28820,45143,54919,38187,10029,2534,4880,3987,1820,255,181
"Kirksville, MO Micro Area",28860,61485,29339,16758,5573,727,1136,2520,1613,372,828
"Kiryas Joel-Poughkeepsie-Newburgh, NY Metro Area",28880,98233,704836,473803,104049,21706,47023,95998,59515,10161,7837
"Klamath Falls, OR Micro Area",28900,58830,70247,49500,12660,3691,4610,7087,2883,702,557
"Knoxville, TN Metro Area",28940,72422,932241,651780,162048,34784,57644,129474,57335,13283,13145
"Kokomo, IN Metro Area",29020,64027,83752,58020,18717,3138,6137,8024,3229,505,322
"Laconia, NH Micro Area",29060,92783,64659,49359,11952,2165,6006,10105,5264,771,421
"La Crosse-Onalaska, WI-MN Metro Area",29100,73340,170190,113089,26190,3396,16116,23796,9968,2486,1723
"Lafayette, LA Metro Area",29180,60892,413428,278503,83309,13426,20057,53669,15223,5573,2509
"Lafayette-West Lafayette, IN Metro Area",29200,62011,226805,132233,34854,5781,11520,27757,12943,2130,4735
"La Grande, OR Micro Area",29260,65661,26144,17593,4749,966,1638,3023,1072,231,264
"LaGrange, GA-AL Micro Area",29300,54888,104522,71430,21423,4365,6828,8747,4144,1277,653
"Lake Charles, LA Metro Area",29340,66700,244027,163269,48531,9922,15361,25044,9144,2175,1902
"Lake City, FL Micro Area",29380,59205,71789,50225,13635,3857,5710,5772,2126,233,312
"Lake Havasu City-Kingman, AZ Metro Area",29420,57684,220517,172400,47257,11616,16846,16295,7148,1553,1243
"Lakeland-Winter Haven, FL Metro Area",29460,65978,790694,548366,151785,29112,55813,86729,31509,5928,4454
"Lake of the Woods, VA Micro Area",29470,94008,37822,27059,8615,1036,2072,5069,2422,311,194
"Lancaster, PA Metro Area",29540,86959,557931,380042,110277,17733,30355,78303,33312,6444,5216
"Lansing-East Lansing, MI Metro Area",29620,72550,472669,310203,62915,9968,31546,68822,31211,7846,8558
"Laramie, WY Micro Area",29660,61917,38249,21635,2471,637,1941,5920,3676,400,1907
"Laredo, TX Metro Area",29700,63058,269294,154265,28240,6161,11520,23302,7324,1579,774
"Lares, PR Micro Area",29720,18917,27855,21176,4695,372,2265,3364,986,18,136
"Las Cruces, NM Metro Area",29740,56848,224266,140141,27420,6262,12475,25007,14216,2512,2655
"Las Vegas, NM Micro Area",29780,50585,30999,23267,4671,1585,2051,3450,2493,172,306
"Las Vegas-Henderson-North Las Vegas, NV Metro Area",29820,76472,2329548,1625416,384222,65715,138598,297729,107764,29861,16669
"Laurel, MS Micro Area",29860,51236,82531,54628,15222,3622,5919,6465,2742,765,379
"Laurinburg, NC Micro Area",29900,45730,33590,22661,6781,1389,2321,2278,1133,149,212
"Lawrence, KS Metro Area",29940,69746,120302,71726,10931,2394,3791,20569,11908,2235,3442
"Lawrenceburg, TN Micro Area",29980,54706,45385,30553,10345,2726,2191,2830,1420,255,132
"Lawton, OK Metro Area",30020,60665,127310,82634,22728,4788,6685,13179,5197,832,793
"Lebanon, MO Micro Area",30060,53282,36390,24689,8924,1520,1877,2595,1177,193,65
"Lebanon, PA Metro Area",30140,78425,144186,99692,36349,5019,7906,14856,7144,1233,961
"Lebanon-Claremont, NH-VT Micro Area",30150,83269,223586,165828,41699,6501,14310,36502,21086,5518,5417
"Le Mars, IA Micro Area",30180,83251,25747,17506,5872,665,2698,2919,615,190,72
"Lewisburg, PA Micro Area",30260,76404,42456,29150,9567,2456,2342,4220,2156,667,682
"Lewisburg, TN Micro Area",30280,71049,36049,24613,8295,1360,2182,4109,1267,140,171
"Lewiston, ID-WA Metro Area",30300,72475,65164,46385,11597,2800,5591,8071,2584,783,745
"Lewiston-Auburn, ME Metro Area",30340,67873,113423,78846,23345,6157,9475,12701,4566,720,428
"Lewistown, PA Micro Area",30380,63953,46041,32414,13280,1915,2910,3043,1385,101,311
"Lexington, NE Micro Area",30420,70652,26242,16958,4336,1073,1614,2328,503,150,151
"Lexington-Fayette, KY Metro Area",30460,71966,522560,346634,64855,16249,27719,83637,40344,11815,9731
"Lexington Park, MD Metro Area",30500,126256,209439,142853,34646,4267,12205,29042,19320,2085,2008
"Liberal, KS Micro Area",30580,63827,21486,12602,2990,760,1481,1018,334,50,31
"Lima, OH Metro Area",30620,64038,101348,68305,23502,4135,7645,8371,3796,892,673
"Lincoln, IL Micro Area",30660,66358,27713,19810,6724,1355,1658,2749,1011,230,152
"Lincoln, NE Metro Area",30700,75049,344337,216747,37331,7581,25173,56919,22658,4847,5358
"Little Rock-North Little Rock-Conway, AR Metro Area",30780,67154,758629,510660,122834,22664,44208,106281,45436,13079,7234
"Lock Haven, PA Micro Area",30820,60816,37798,25078,10562,1000,2327,3396,1422,194,381
"Logan, UT-ID Metro Area",30860,81126,155102,82037,16361,1897,6099,21156,8824,1174,1828
"Logansport, IN Micro Area",30900,56403,37680,26031,9529,1388,2350,2704,1298,203,86
"Longview, TX Metro Area",30980,66647,291044,192932,47859,10579,18825,27747,10156,1826,1033
"Longview-Kelso, WA Metro Area",31020,76531,112360,78946,19859,5285,10349,9404,3630,536,340
"Los Alamos, NM Micro Area",31060,147139,19435,14040,1117,172,779,3590,3247,365,2590
"Los Angeles-Long Beach-Anaheim, CA Metro Area",31080,95958,12974487,9135404,1600066,187614,651321,2205213,855674,258426,149452
"Louisville/Jefferson County, KY-IN Metro Area",31140,73863,1372558,954675,227919,49791,85167,188635,91779,21813,12214
"Lubbock, TX Metro Area",31180,63629,358708,217500,47421,10300,17018,41806,17975,3883,5030
"Ludington, MI Micro Area",31220,64748,29207,21582,6047,857,2712,3527,1700,351,171
"Lufkin, TX Micro Area",31260,60960,87275,57523,16177,4022,5555,6488,3173,446,215
"Lumberton, NC Micro Area",31300,41978,116902,74911,23900,2740,7650,7187,3125,532,153
"Lynchburg, VA Metro Area",31340,68996,263798,178570,46735,8719,15704,34863,15458,2452,2747
"Macomb, IL Micro Area",31380,52795,26920,16476,4520,882,1730,2660,1744,212,559
"Macon-Bibb County, GA Metro Area",31420,59526,234943,158773,42950,10653,13955,20658,11863,4098,2030
"Madison, IN Micro Area",31500,64577,32998,23212,7103,1667,2733,2551,1574,168,294
"Madison, WI Metro Area",31540,88804,691830,467729,82399,11024,45116,142503,60620,13579,17701
"Madisonville, KY Micro Area",31580,56815,45119,31383,9457,2636,3432,2964,1709,385,250
"Magnolia, AR Micro Area",31620,55334,22349,13977,5058,406,963,2026,883,64,92
"Malvern, AR Micro Area",31680,55405,33180,24053,7460,1957,2319,2613,1393,105,104
"Manchester-Nashua, NH Metro Area",31700,103545,426378,307804,66628,12446,28782,78243,39666,5321,4616
"Manhattan, KS Metro Area",31740,65469,133965,73359,13201,2346,7920,17470,7923,1292,2927
"Manitowoc, WI Micro Area",31820,69148,81406,59083,19641,1683,7318,9490,2989,672,223
"Mankato, MN Metro Area",31860,75808,104282,63208,13901,1798,9087,14866,4564,1237,1358
"Mansfield, OH Metro Area",31900,59509,125099,87570,32244,5343,7810,10053,4333,686,595
"Marietta, OH Micro Area",31930,63603,58978,42289,15343,1008,5433,5750,2441,613,455
"Marinette, WI-MI Micro Area",31940,61417,65293,48977,16365,1971,6907,6711,2263,292,197
"Marion, IN Micro Area",31980,53522,66295,43823,13271,3110,4890,5417,2845,245,401
"Marion, NC Micro Area",32000,57168,44817,32913,8985,2687,4229,4079,1452,259,168
"Marion, OH Micro Area",32020,59371,65020,45833,15481,3877,4571,4436,1832,329,161
"Marion-Herrin, IL Micro Area",32060,65604,66876,48287,11716,2150,5763,7570,3792,548,764
"Marquette, MI Micro Area",32100,65429,67112,44729,9773,1710,4993,11034,3854,794,780
"Marshall, MN Micro Area",32140,75303,25503,16509,4022,388,2108,3634,1122,122,264
"Marshall, MO Micro Area",32180,57931,23231,14816,4788,728,1011,2152,926,209,71
"Marshalltown, IA Micro Area",32260,73315,40114,26501,7623,1220,2990,4012,1538,279,150
"Martin, TN Micro Area",32280,51880,33016,21141,7199,2081,1068,2945,1296,170,385
"Martinsville, VA Micro Area",32300,49860,63638,45563,12245,3487,6097,4866,2351,258,159
"Maryville, MO Micro Area",32340,59315,20774,12448,4166,715,925,2009,1124,125,215
"Mason City, IA Micro Area",32380,68926,49982,36043,11106,1484,5536,5701,2023,396,262
"Massena-Ogdensburg, NY Micro Area",32390,62850,107226,71171,19759,4176,9875,9261,6481,1099,1173
"Mayagüez, PR Metro Area",32420,21163,209892,154424,39263,5430,14966,31000,7414,1423,2497
"Mayfield, KY Micro Area",32460,50772,36630,24924,8124,2022,2740,2577,1450,300,259
"McAlester, OK Micro Area",32540,55310,43561,30395,8901,1992,2818,4013,1655,323,149
"McAllen-Edinburg-Mission, TX Metro Area",32580,54338,891977,516001,115498,19435,29511,72515,25290,5239,3425
"McComb, MS Micro Area",32620,44597,53441,35121,10597,1899,4484,3119,1626,234,183
"McMinnville, TN Micro Area",32660,55487,42166,29105,11435,2974,1742,2674,1100,226,106
"McPherson, KS Micro Area",32700,78851,30205,20109,4080,714,2286,4498,1779,181,433
"Meadville, PA Micro Area",32740,60476,82716,58650,24194,3090,4822,7744,3697,472,446
"Medford, OR Metro Area",32780,73999,222645,161295,34060,7198,14549,31660,12721,4511,2249
"Memphis, TN-MS-AR Metro Area",32820,66401,1341924,891153,220602,38461,69602,167636,78327,18105,12348
"Menomonie, WI Micro Area",32860,74824,45527,28594,8701,907,3583,5401,2279,259,514
"Merced, CA Metro Area",32900,65510,290201,174127,45831,5831,12419,18484,5816,1562,835
"Meridian, MS Micro Area",32940,49822,86818,59584,13923,3634,7793,8311,3528,922,635
"Mexico, MO Micro Area",33020,59448,24548,17031,5778,1025,1656,1750,896,117,99
"Miami, OK Micro Area",33060,49947,30341,19639,5757,1255,2055,2023,670,157,95
"Miami-Fort Lauderdale-West Palm Beach, FL Metro Area",33100,76527,6249291,4514337,1023776,136152,428921,1012613,421045,152883,68341
"Michigan City-La Porte, IN Metro Area",33140,71055,111917,79325,24631,6735,6911,11975,4581,907,527
"Middlesborough, KY Micro Area",33180,31354,23509,16627,5218,1074,1364,1590,640,312,79
"Midland, MI Metro Area",33220,77705,83757,59935,14068,2152,6618,13117,6366,1006,1419
"Midland, TX Metro Area",33260,92952,180019,112412,20757,6820,9753,23935,8286,1541,784
"Milledgeville, GA Micro Area",33300,54403,43642,27781,7000,2337,2521,3628,1892,505,743
"Milwaukee-Waukesha, WI Metro Area",33340,78218,1568938,1079400,240145,31861,96446,277001,108983,24203,17401
"Minden, LA Micro Area",33380,41182,35820,24792,9152,1823,1882,2305,771,109,108
"Mineral Wells, TX Micro Area",33420,67674,29295,20182,5938,1537,1798,2478,949,113,55
"Minneapolis-St. Paul-Bloomington, MN-WI Metro Area",33460,99833,3713668,2545311,438087,70537,268063,746981,290803,68861,48754
"Minot, ND Metro Area",33500,78200,76484,49682,12584,1865,5619,9908,3389,544,357
"Missoula, MT Metro Area",33540,74989,125631,86958,14572,2909,7217,24693,10454,3233,2055
"Mitchell, SD Micro Area",33580,69101,25808,17382,5293,674,2497,2909,651,224,125
"Moberly, MO Micro Area",33620,53033,24365,16995,5796,1445,1930,2236,725,92,77
"Mobile, AL Metro Area",33660,58880,412590,280484,79579,14458,24600,46976,19053,4424,2390
"Modesto, CA Metro Area",33700,81468,553990,354367,90617,12889,29062,47465,15085,5037,2046
"Monroe, LA Metro Area",33740,51660,223674,149261,40731,9286,9556,22615,10039,2717,1343
"Monroe, MI Metro Area",33780,77335,155505,111168,31510,5357,13050,16378,7515,1168,791
"Montgomery, AL Metro Area",33860,64010,386024,261207,64410,13012,20982,46875,25479,4572,3825
"Monticello, IN Micro Area",33900,67303,24717,17152,6091,1078,1599,2416,728,75,75
"Monticello, NY Micro Area",33910,72382,79721,56129,13398,3308,5560,9641,5448,1074,734
"Montrose, CO Micro Area",33940,72120,43807,31946,8582,1674,2664,5659,2604,460,449
"Morehead City, NC Micro Area",33980,72322,69148,53254,9906,2268,6284,11500,5002,1056,823
"Morgan City, LA Micro Area",34020,52576,47828,32517,13332,2246,1653,3098,1183,55,102
"Morgantown, WV Metro Area",34060,64640,141323,92338,23725,5136,5551,17625,11897,3742,3788
"Morristown, TN Metro Area",34100,60553,122533,86051,27276,5598,7806,10739,4665,1313,855
"Moscow, ID Micro Area",34140,65424,41049,24130,4097,1022,2068,6407,2468,543,956
"Moses Lake, WA Micro Area",34180,73267,101799,63192,14746,3427,6827,8137,2571,650,287
"Moultrie, GA Micro Area",34220,49341,46224,30193,10040,1501,2639,2452,1576,498,165
"Mountain Home, AR Micro Area",34260,48452,42407,32363,8722,2005,4138,4551,1185,297,260
"Mountain Home, ID Micro Area",34300,65359,29321,18726,4604,1153,2311,2986,932,196,72
"Mount Airy, NC Micro Area",34340,55656,71425,50797,11634,3010,6035,6762,2916,420,260
"Mount Pleasant, MI Micro Area",34380,55237,64565,36489,9270,1427,3559,6487,3423,544,973
"Mount Pleasant, TX Micro Area",34420,58626,56237,36071,10768,1804,2797,4532,1448,187,181
"Mount Sterling, KY Micro Area",34460,55208,47476,32412,10301,2660,2534,3388,1861,398,126
"Mount Vernon, IL Micro Area",34500,63118,36550,25775,7214,1669,3610,2946,1292,252,193
"Mount Vernon, OH Micro Area",34540,73878,63142,41724,14432,1380,4170,6365,2903,564,455
"Mount Vernon-Anacortes, WA Metro Area",34580,89263,131328,94631,19848,3854,11207,17428,8157,1995,998
"Muncie, IN Metro Area",34620,58127,112280,70560,19612,4171,6643,10683,5654,715,1427
"Murray, KY Micro Area",34660,52706,38224,23637,6498,1301,1695,4174,2484,374,339
"Murrells Inlet, SC Micro Area",34680,68713,64811,49072,11451,1634,5157,10380,4039,1063,600
"Muscatine, IA Micro Area",34700,69396,42559,28892,8126,1959,3308,4598,1498,237,338
"Muskegon-Norton Shores, MI Metro Area",34740,65024,175961,122392,34649,7621,14615,18261,6089,1142,634
"Muskogee, OK Micro Area",34780,53619,66444,44286,12750,3123,4508,5705,2081,306,242
"Myrtle Beach-Conway-North Myrtle Beach, SC Metro Area",34820,66880,383016,288090,77872,11683,31304,50658,20254,3982,3317
"Nacogdoches, TX Micro Area",34860,53555,65162,38116,8982,1974,2159,6592,2621,598,934
"Nantucket, MA Micro Area",34880,139688,14483,10529,1530,266,483,3620,1436,405,469
"Napa, CA Metro Area",34900,111471,134869,97520,14314,2353,8379,25153,9081,3239,1333
"Naples-Marco Island, FL Metro Area",34940,90045,398291,308251,65802,10354,27976,72405,34357,12345,5088
"Nashville-Davidson--Murfreesboro--Franklin, TN Metro Area",34980,85447,2079596,1415949,302284,57283,103704,368250,149100,35406,26719
"Natchez, MS-LA Micro Area",35020,42104,54045,37212,11147,2761,3089,4529,1902,285,185
"Natchitoches, LA Micro Area",35060,46292,36693,21896,6511,1380,1406,3401,1630,244,378
"New Bern, NC Micro Area",35100,64475,124304,86631,19891,4559,9754,14134,7130,1137,686
"Newberry, SC Micro Area",35140,61780,38435,26216,7458,1084,3298,3498,2083,258,214
"New Castle, IN Micro Area",35220,63150,48970,35221,11839,2943,3162,4016,1729,266,136
"New Haven, CT Metro Area",35300,88197,570598,399673,99923,12324,27645,86918,53387,15071,12633
"New Iberia, LA Micro Area",35340,56961,68599,45398,16389,2949,3513,4813,1601,186,135
"New Orleans-Metairie, LA Metro Area",35380,62655,981662,688306,150518,27979,48343,136392,60394,21752,11631
"New Philadelphia-Dover, OH Micro Area",35420,65044,92385,63934,25805,2577,5335,8352,3528,455,324
"Newport, OR Micro Area",35440,63165,50964,39853,7554,1943,3828,6520,3486,714,694
"Newport, TN Micro Area",35460,48016,36813,26814,10537,2008,1668,1856,684,239,167
"New Ulm, MN Micro Area",35580,69378,25800,17816,5732,406,2266,2936,1043,278,102
"New York-Newark-Jersey City, NY-NJ Metro Area",35620,99155,19798537,13970100,2764627,432964,947318,3521236,1905883,483120,257795
"Niles, MI Metro Area",35660,65425,153288,108207,26266,4628,11607,20111,9846,2031,1494
"Nogales, AZ Micro Area",35700,55217,48926,31825,6636,1885,2691,4470,2187,452,256
"Norfolk, NE Micro Area",35740,65968,48653,32192,8446,1239,5684,5128,1772,318,428
"North Platte, NE Micro Area",35820,65430,34575,24081,6124,1249,3412,3734,1259,277,194
"North Port-Bradenton-Sarasota, FL Metro Area",35840,80859,889339,696273,155337,26589,66085,159527,75371,19198,12478
"North Wilkesboro, NC Micro Area",35900,51721,65935,47784,12705,2564,5914,5130,2197,406,330
"Norwalk, OH Micro Area",35940,67878,58319,39828,15544,2225,3943,4076,1804,488,277
"Norwich-New London-Willimantic, CT Metro Area",35980,86586,279971,198368,49430,8034,17552,39277,24622,3895,3229
"Oak Harbor, WA Micro Area",36020,90551,86836,64643,11918,2179,7244,14360,6981,1367,964
"Ocala, FL Metro Area",36100,61010,400078,299128,83865,17213,31442,44764,18684,4322,2148
"Ocean Pines, MD Micro Area",36180,81745,53700,40803,10400,1401,3370,8734,4295,697,667
"Odessa, TX Metro Area",36220,71536,164654,98717,24239,6271,7849,12012,4031,757,605
"Ogden, UT Metro Area",36260,101203,653374,403001,85488,12363,42711,93208,36590,5463,4382
"Oil City, PA Micro Area",36340,61522,49801,37096,14955,1954,3896,4560,2035,274,205
"Okeechobee, FL Micro Area",36380,57984,40816,28995,7786,2367,2361,3045,1206,259,78
"Oklahoma City, OK Metro Area",36420,72094,1463267,960506,207211,41746,77038,208680,82111,21467,14954
"Olean, NY Micro Area",36460,59540,76145,52793,17347,4184,6299,6003,4289,437,425
"Olympia-Lacey-Tumwater, WA Metro Area",36500,96563,299067,214184,37641,9427,23553,50643,23583,5143,3089
"Omaha, NE-IA Metro Area",36540,84829,982064,649299,126154,20561,60974,160678,67020,16635,10551
"Oneonta, NY Micro Area",36580,68885,60108,39271,10010,2258,4390,7419,4418,920,747
"Ontario, OR-ID Micro Area",36620,62568,58725,39184,10347,2976,4240,4456,1456,311,112
"Opelousas, LA Micro Area",36660,44462,81670,53184,18171,2980,4423,5180,1924,429,385
"Orangeburg, SC Micro Area",36700,45675,83253,56404,17231,2198,7461,5717,3925,761,528
"Orlando-Kissimmee-Sanford, FL Metro Area",36740,78533,2793746,1945965,411710,74280,220196,464646,181793,41786,25877
"Oshkosh-Neenah, WI Metro Area",36780,74925,171769,117593,31030,5407,14668,24968,8779,1602,1245
"Oskaloosa, IA Micro Area",36820,70940,22021,14642,4374,956,1988,2649,621,141,122
"Othello, WA Micro Area",36830,66136,20800,11369,2380,735,836,1174,460,92,60
"Ottawa, IL Micro Area",36837,72230,147181,104802,30950,5703,12065,14907,5413,940,588
"Ottawa, KS Micro Area",36840,77207,26106,17770,5656,802,1537,2785,1302,175,104
"Ottumwa, IA Micro Area",36900,64766,35362,24009,7957,1238,2895,2876,1383,337,112
"Owatonna, MN Micro Area",36940,84196,37439,25638,6806,1027,3152,5075,1544,402,147
"Owensboro, KY Metro Area",36980,68002,112762,75952,22143,4395,8606,11367,5866,1409,691
"Owosso, MI Micro Area",37020,67404,67991,48650,14542,1972,5883,6723,2388,260,358
"Oxford, MS Micro Area",37060,65018,70746,42792,7780,2447,3806,8824,5092,1491,1762
"Oxnard-Thousand Oaks-Ventura, CA Metro Area",37100,109797,837469,580810,99140,12766,55793,129719,55090,14620,10442
"Ozark, AL Micro Area",37120,54963,49599,33641,8177,2220,3638,4563,1787,287,225
"Paducah, KY-IL Metro Area",37140,64160,102748,72988,20498,3888,8788,11152,5058,1366,458
"Pahrump, NV Micro Area",37220,60714,54344,42423,12384,2688,3796,3982,1332,158,191
"Palatka, FL Micro Area",37260,47934,75164,53876,16382,5193,4204,5499,1944,180,182
"Palestine, TX Micro Area",37300,62068,58439,42299,11227,5037,3606,4614,1373,297,227
"Palm Bay-Melbourne-Titusville, FL Metro Area",37340,78476,632780,474168,102304,19829,58068,96754,49059,8859,7552
"Pampa, TX Micro Area",37420,60317,21877,14552,3849,1354,1267,1931,363,44,47
"Panama City-Panama City Beach, FL Metro Area",37460,71514,211922,151625,35027,9413,17547,26481,11571,2148,1351
"Paragould, AR Micro Area",37500,57839,46432,31462,10802,2500,2421,3366,1456,266,228
"Paris, TN Micro Area",37540,50613,32412,23538,8905,1729,1282,2980,973,322,227
"Paris, TX Micro Area",37580,59020,62280,42984,12395,2707,4128,5753,2342,328,327
"Parkersburg-Vienna, WV Metro Area",37620,57391,88460,63615,19872,3284,6713,9407,4397,587,638
"Payson, AZ Micro Area",37740,61986,53795,40390,10658,2437,4015,4740,2053,495,278
"Pella, IA Micro Area",37800,78680,33642,22422,6751,814,2341,5022,1582,348,248
"Pensacola-Ferry Pass-Brent, FL Metro Area",37860,75967,524395,363168,79836,17053,42898,70744,29639,5887,4735
"Peoria, IL Metro Area",37900,71857,365202,251253,61942,11434,26931,51367,21315,3954,3334
"Peru, IN Micro Area",37940,61139,35712,25173,8288,2226,2501,2787,1065,140,53
"Petoskey, MI Micro Area",37950,78112,34125,25406,5480,486,2562,6068,3290,866,337
"Philadelphia-Camden-Wilmington, PA-NJ-DE-MD Metro Area",37980,91289,6272014,4378944,1037564,136536,325441,1067549,549497,131383,99021
"Phoenix-Mesa-Chandler, AZ Metro Area",38060,88301,5028754,3446042,651198,132314,316972,755720,335267,75244,50579
"Picayune, MS Micro Area",38100,58135,57458,39335,10198,3692,4681,4818,1300,162,392
"Pierre, SD Micro Area",38180,81645,20679,14507,3055,1028,1745,3520,997,519,391
"Pikeville, KY Micro Area",38210,43214,91951,65658,20628,4103,5634,6080,3682,950,354
"Pine Bluff, AR Micro Area",38220,51605,72255,49729,17964,3154,2675,7068,2148,354,384
"Pinehurst-Southern Pines, NC Metro Area",38240,86080,104876,75766,13065,2432,9202,17681,9997,2051,1337
"Pittsburg, KS Micro Area",38260,52844,39008,23380,5342,981,2120,4829,2147,196,347
"Pittsburgh, PA Metro Area",38300,75762,2439940,1782509,495186,59415,189819,411403,192427,41274,35416
"Pittsfield, MA Metro Area",38340,76013,129430,96087,24267,3396,7540,20452,12362,2949,2625
"Plainview, TX Micro Area",38380,52707,37347,23608,6012,1376,1882,2361,1048,72,120
"Platteville, WI Micro Area",38420,66858,51770,32699,10412,1022,4542,5079,2505,431,352
"Plattsburgh, NY Micro Area",38460,71224,78493,54834,14005,3327,6647,8682,5031,661,735
"Plymouth, IN Micro Area",38500,71808,46284,31055,9950,1556,2890,4329,1770,281,122
"Pocatello, ID Metro Area",38540,66499,89454,57776,12597,2837,5935,11257,4036,1034,1376
"Ponca City, OK Micro Area",38620,58423,43625,28907,8157,1973,3610,3753,1450,217,141
"Ponce, PR Metro Area",38660,22247,270459,199183,55344,3169,23355,40605,10776,2000,2632
"Pontiac, IL Micro Area",38700,73790,35565,25134,8293,1511,2380,3267,1078,241,188
"Poplar Bluff, MO Micro Area",38740,49089,42020,28761,9663,1643,2669,2945,1094,171,328
"Port Angeles, WA Micro Area",38820,70370,77813,61116,12266,2928,7559,11720,5422,1298,845
"Portland-South Portland, ME Metro Area",38860,92175,562843,418921,84245,14885,41381,117277,52603,14038,8317
"Portland-Vancouver-Hillsboro, OR-WA Metro Area",38900,97436,2520987,1811458,290422,67753,158001,474690,207282,50132,38610
"Port Lavaca, TX Micro Area",38920,79959,19868,13846,3483,821,1678,1727,808,46,196
"Port St. Lucie, FL Metro Area",38940,74514,522676,390609,91075,17479,41287,75691,29314,7974,4369
"Portsmouth, OH Micro Area",39020,50609,72627,50649,19156,2927,3959,5878,2673,293,358
"Port Townsend, WA Micro Area",39040,74048,33577,28552,4619,1094,2157,6942,3799,962,839
"Pottsville, PA Micro Area",39060,68313,143558,104280,40033,6674,11575,13367,5821,933,616
"Prescott Valley-Prescott, AZ Metro Area",39150,69613,245480,192027,38126,8225,19889,34634,16650,3979,2833
"Price, UT Micro Area",39220,58377,20517,13558,3422,551,1947,1793,599,117,39
"Providence-Warwick, RI-MA Metro Area",39300,87040,1684071,1196324,281222,53105,100730,255278,121142,25758,20697
"Provo-Orem-Lehi, UT Metro Area",39340,100704,717986,371101,53217,9473,38172,112757,37787,6316,6113
"Pueblo, CO Metro Area",39380,64010,169356,118414,29202,6663,14330,19473,8630,1482,735
"Pullman, WA Micro Area",39420,55406,47003,24572,3323,547,2356,6734,3265,552,1680
"Punta Gorda, FL Metro Area",39460,69952,201064,167479,46351,8394,16938,27342,12969,3304,1681
"Putnam, CT Micro Area",39480,90589,96312,71710,21880,3362,7506,10316,6697,752,946
"Quincy, IL-MO Micro Area",39500,65360,74678,51300,16166,2013,4863,9140,3238,603,441
"Racine-Mount Pleasant, WI Metro Area",39540,78096,197532,136564,34760,6324,15731,26100,10090,1535,1122
"Raleigh-Cary, NC Metro Area",39580,100103,1487302,1011730,146847,26077,88570,312979,151880,26930,26419
"Rapid City, SD Metro Area",39660,75255,152950,107524,23398,5910,12496,23272,7883,2609,1812
"Raymondville, TX Micro Area",39700,54180,20139,13061,3566,976,775,1426,366,14,29
"Reading, PA Metro Area",39740,79777,433015,296613,95824,12595,27823,52005,22595,4287,3276
"Red Bluff, CA Micro Area",39780,63784,65167,44633,12134,1409,4434,6255,1658,566,131
"Redding, CA Metro Area",39820,72636,181436,128897,29444,4983,14910,20853,6723,2235,822
"Red Wing, MN Micro Area",39860,84171,47943,34018,10104,1452,4221,6581,2243,449,231
"Reno, NV Metro Area",39900,87485,563020,399423,80970,16903,34999,78960,34734,8831,6257
"Rexburg, ID Micro Area",39940,61940,68561,27889,4788,909,3733,6894,2227,249,493
"Rice Lake, WI Micro Area",39960,65933,46797,33522,9662,1794,5047,5119,1767,578,313
"Richmond, IN Micro Area",39980,55692,66397,45348,13305,2935,4219,5796,2241,681,556
"Richmond, VA Metro Area",40060,86679,1341248,937280,190157,37121,73624,233669,111607,23462,16578
"Richmond-Berea, KY Micro Area",40080,60368,125967,81762,20837,6208,6792,13716,7369,1091,1343
"Rifle, CO Micro Area",40090,95635,79464,55734,10176,1732,5093,14117,6071,1898,671
"Rio Grande City-Roma, TX Micro Area",40100,37639,66067,37199,7652,1521,1907,3309,1356,210,176
"Riverside-San Bernardino-Ontario, CA Metro Area",40140,89662,4675704,3071397,749025,95123,260399,481605,198138,43352,29911
"Riverton, WY Micro Area",40180,64904,39533,26654,6668,1756,2926,4293,2189,383,199
"Roanoke, VA Metro Area",40220,68761,314986,225813,60124,12002,20784,44474,18188,4551,3418
"Roanoke Rapids, NC Micro Area",40260,47104,64606,46910,14130,2782,4562,5142,2107,290,251
"Rochelle, IL Micro Area",40300,82132,51495,36064,10256,1892,4133,5838,2465,276,179
"Rochester, MN Metro Area",40340,91882,228522,156389,31182,3788,19533,39472,16971,6461,4343
"Rochester, NY Metro Area",40380,76284,1058413,744987,155098,32860,91817,157694,94186,17811,14536
"Rockford, IL Metro Area",40420,68033,336522,228907,56152,13449,22409,35582,16191,3760,1643
"Rockingham, NC Micro Area",40460,44883,42344,28881,7871,1327,3284,2991,1199,303,140
"Rock Springs, WY Micro Area",40540,75034,41542,27494,6403,2186,3647,4031,1255,309,152
"Rocky Mount, NC Metro Area",40580,59636,144952,101186,29656,6019,11016,14058,5187,1007,540
"Rolla, MO Micro Area",40620,58396,45194,28524,7100,1960,1751,4870,2913,630,815
"Rome, GA Metro Area",40660,65565,99693,66421,15794,3712,5105,9985,4699,1634,885
"Roseburg, OR Micro Area",40700,61310,112072,83392,20823,5545,9489,10216,4357,911,615
"Roswell, NM Micro Area",40740,52938,64217,41958,9252,3091,3873,4469,2206,508,329
"Ruidoso, NM Micro Area",40760,53303,20224,15872,3320,615,1918,2971,1652,258,225
"Russellville, AL Micro Area",40770,53338,31966,21249,7137,1101,1556,2116,1029,164,56
"Russellville, AR Micro Area",40780,57102,84265,55656,16664,3836,4034,8594,2844,446,500
"Ruston, LA Micro Area",40820,39172,48174,26490,6840,1134,1185,5299,3160,410,714
"Rutland, VT Micro Area",40860,68616,60425,45098,12968,1474,4285,9532,4649,1065,652
"Sacramento-Roseville-Folsom, CA Metro Area",40900,97188,2426388,1668679,295566,47405,162790,389624,150208,50550,28489
"Safford, AZ Micro Area",40940,67325,39232,25235,5852,2058,2731,2505,951,139,84
"Saginaw, MI Metro Area",40980,60622,188665,131086,36442,5642,14891,20475,8997,1666,844
"St. Cloud, MN Metro Area",41060,76497,202458,127269,32327,3170,18037,24146,8484,1705,1601
"St. George, UT Metro Area",41100,80632,196431,130298,24875,3741,15397,29167,11603,2741,2380
"St. Joseph, MO-KS Metro Area",41140,65005,120012,82835,26450,5402,5576,12998,5117,865,715
"St. Louis, MO-IL Metro Area",41180,80196,2810850,1967322,422099,76688,184131,447575,223733,44693,34934
"St. Marys, PA Micro Area",41260,66380,30506,22648,9699,1147,2796,2930,1361,207,166
"Salem, OH Micro Area",41400,58180,100704,73031,29299,2920,8198,8191,3577,364,333
"Salem, OR Metro Area",41420,78900,438906,294271,57528,16692,28335,51105,20807,4746,3049
"Salina, KS Micro Area",41460,65745,59487,40715,10676,1689,4203,7984,2570,719,537
"Salinas, CA Metro Area",41500,97230,437613,281390,48871,9876,21870,46903,21516,6481,4492
"Salisbury, MD Metro Area",41540,73802,129736,83919,26001,3524,7018,13897,6460,1346,1282
"Salt Lake City-Murray, UT Metro Area",41620,98083,1275870,822506,157960,26850,75539,199252,82648,18889,15114
"San Angelo, TX Metro Area",41660,68419,120986,79637,18392,4286,6922,13487,5012,975,836
"San Antonio-New Braunfels, TX Metro Area",41700,76213,2662733,1759605,362417,82944,150926,355335,156464,33405,23926
"San Diego-Chula Vista-Carlsbad, CA Metro Area",41740,106268,3288774,2281385,352558,55129,185338,593057,262772,66985,61827
"Sandpoint, ID Micro Area",41760,66979,51049,38336,9363,2074,3139,7195,2589,797,384
"Sandusky, OH Metro Area",41780,73502,114575,84488,25563,3001,8395,15847,6858,1191,784
"Sanford, NC Micro Area",41820,65387,65816,44766,10254,2313,5554,6326,2460,484,268
"San Francisco-Oakland-Fremont, CA Metro Area",41860,136027,4645029,3402905,443173,61637,224242,1023544,520481,135736,119017
"San Jose-Sunnyvale-Santa Clara, CA Metro Area",41940,162111,1969337,1391615,168732,22617,89612,387279,278174,39915,66472
"San Juan-Bayamón-Caguas, PR Metro Area",41980,29276,2052186,1539382,370165,35668,188843,345524,102471,25271,23345
"San Luis Obispo-Paso Robles, CA Metro Area",42020,97446,281555,190352,29768,4609,20290,46055,19220,6696,3868
"Santa Cruz-Watsonville, CA Metro Area",42100,111093,264926,178903,23847,3386,15365,45302,21713,5975,5613
"Santa Fe, NM Metro Area",42140,79071,156105,120004,19414,4164,8316,26545,17968,5595,5175
"Santa Maria-Santa Barbara, CA Metro Area",42200,98161,443701,278364,41100,5902,23091,61162,26012,8321,6974
"Santa Rosa-Petaluma, CA Metro Area",42220,104674,485040,354661,58339,8406,32693,84877,34590,11803,5227
"Sault Ste. Marie, MI Micro Area",42300,62217,36295,25680,6822,2261,2205,3894,1567,250,271
"Savannah, GA Metro Area",42340,77180,418285,283053,58509,13097,23253,61469,28947,6283,4709
"Sayre, PA Micro Area",42380,63675,59858,42489,17764,2025,3873,5271,2635,523,308
"Scottsbluff, NE Micro Area",42420,63838,36585,24906,5610,1195,2539,4419,1717,366,261
"Scottsboro, AL Micro Area",42460,51908,53053,37972,11712,2559,3881,3747,1641,330,328
"Scranton--Wilkes-Barre, PA Metro Area",42540,65158,569788,404650,130482,16153,42551,66593,31635,6687,5037
"Seaford, DE Micro Area",42580,81497,255626,193708,51281,6473,17795,36534,19996,4175,3193
"Searcy, AR Micro Area",42620,55249,77838,51455,16871,3687,4209,6088,3251,487,651
"Seattle-Tacoma-Bellevue, WA Metro Area",42660,115177,4061920,2890014,447503,88498,262238,812767,405541,81071,65561
"Sebastian-Vero Beach-West Vero Corridor, FL Metro Area",42680,73491,166936,131802,30586,5697,13410,26186,13274,3421,1704
"Sebring, FL Metro Area",42700,54897,105702,82181,23136,4973,7545,10671,4007,1395,741
"Sedalia, MO Micro Area",42740,60430,43397,28868,8940,1466,3280,3219,1543,356,198
"Selinsgrove, PA Micro Area",42780,66876,39668,26746,10386,1291,2358,3411,1593,287,226
"Selma, AL Micro Area",42820,35627,36858,25176,9273,1102,2902,2970,1162,111,159
"Seneca, SC Micro Area",42860,62388,80469,59158,13732,3776,6706,10258,5248,718,725
"Seneca Falls, NY Micro Area",42900,68089,32920,23742,5511,1714,2999,3740,1684,372,197
"Sevierville, TN Micro Area",42940,62581,99652,71666,20955,3868,6876,10314,3542,1329,461
"Seymour, IN Micro Area",42980,70262,46660,30885,9447,2558,2671,4450,1526,199,87
"Shawano, WI Micro Area",43020,66189,45291,32153,12777,1468,3930,4168,1634,179,133
"Shawnee, OK Micro Area",43060,61398,73463,49160,13895,3296,4071,6808,2490,439,311
"Sheboygan, WI Metro Area",43100,73094,117991,82942,24447,3427,9747,15087,6016,1018,663
"Shelby-Kings Mountain, NC Micro Area",43140,58534,100991,69701,19373,3758,9302,9715,4325,628,633
"Shelbyville, TN Micro Area",43180,67225,52237,34479,11198,2732,2106,4166,1321,309,125
"Shelton, WA Micro Area",43220,83270,67982,50192,11611,3320,6050,7133,2975,709,176
"Sheridan, WY Micro Area",43260,71388,32055,22866,5929,1310,2544,4488,1893,474,256
"Sherman-Denison, TX Metro Area",43300,72182,143337,96958,23869,6458,10513,15602,5422,979,1151
"Show Low, AZ Micro Area",43320,54606,108415,72679,19241,2952,6883,8471,4068,747,599
"Shreveport-Bossier City, LA Metro Area",43340,55925,386819,262802,68463,12642,21484,40806,20149,4697,2934
"Sidney, OH Micro Area",43380,73978,47929,32068,12101,1299,3782,4583,1819,194,257
"Sierra Vista-Douglas, AZ Metro Area",43420,59742,125566,89778,17188,4949,9678,15198,7612,1275,1138
"Sikeston, MO Micro Area",43460,59476,49835,33928,12216,2292,2130,4642,1942,193,107
"Silver City, NM Micro Area",43500,44958,27775,20577,4472,1017,1988,3416,2302,334,257
"Sioux City, IA-NE-SD Metro Area",43580,75192,144682,92926,25605,4124,10434,15102,5712,1346,664
"Sioux Falls, SD-MN Metro Area",43620,82754,298181,197444,42611,7192,24728,50306,15406,4035,2737
"Slidell-Mandeville-Covington, LA Metro Area",43640,81202,272421,187382,35777,8756,14027,45528,17460,4885,2710
"Snyder, TX Micro Area",43660,60039,16488,10993,2658,967,1329,1154,246,26,3
"Somerset, KY Micro Area",43700,51898,65897,46570,13240,4207,4537,4760,2758,618,298
"Somerset, PA Micro Area",43740,61446,72799,54558,24438,2553,5381,6336,2519,505,428
"Sonora, CA Micro Area",43760,77404,54498,41675,8522,1752,4220,6715,2595,714,232
"South Bend-Mishawaka, IN-MI Metro Area",43780,67217,324560,215929,54001,11114,19865,41159,18252,4436,4171
"Sparta, WI Micro Area",43890,69467,46208,31202,9822,1178,3749,4603,1491,363,204
"Spartanburg, SC Metro Area",43900,64382,374737,255018,70649,13471,26503,38546,18050,2868,2475
"Spearfish, SD Micro Area",43940,73384,27233,19838,4716,890,2201,4175,1573,513,272
"Spencer, IA Micro Area",43980,65428,16461,11452,2988,368,1859,2358,559,206,32
"Spirit Lake, IA Micro Area",44020,75432,17990,13520,3551,328,1793,3053,768,289,106
"Spokane-Spokane Valley, WA Metro Area",44060,77488,597123,416915,81476,21530,52654,85022,34432,8989,5708
"Springfield, IL Metro Area",44100,75895,207042,145260,35202,6100,13101,31291,15344,3850,1982
"Springfield, MA Metro Area",44140,71306,462815,320931,82460,14884,31933,55400,29482,5420,3787
"Springfield, MO Metro Area",44180,65071,486785,323417,81825,14504,28206,61499,27945,6259,3967
"Springfield, OH Metro Area",44220,63132,135158,93713,28328,5072,9742,11938,5776,672,551
"Starkville, MS Micro Area",44260,48750,61743,33277,7036,1388,3284,7289,4304,668,1610
"State College, PA Metro Area",44300,74291,158576,97777,24713,3424,7629,22159,14177,1969,6890
"Statesboro, GA Micro Area",44340,57446,93440,54256,12426,3120,4719,10066,4296,737,1248
"Staunton-Stuarts Draft, VA Metro Area",44420,73544,126822,92475,28284,5550,7595,16023,7067,1303,1236
"Steamboat Springs, CO Micro Area",44460,95400,38291,28189,5469,1168,2924,7643,2926,1158,363
"Stephenville, TX Micro Area",44500,65115,43794,25895,5739,1408,1980,5250,2288,236,526
"Sterling, CO Micro Area",44540,51829,20892,15104,4056,1579,1652,1937,929,98,75
"Sterling, IL Micro Area",44580,67500,54947,38673,12251,2230,4277,4939,2550,311,110
"Stevens Point-Plover, WI Micro Area",44620,76070,70832,46544,12688,1412,5919,11205,3593,486,557
"Stillwater, OK Micro Area",44660,49809,82972,45211,10455,1901,3311,9805,5026,954,2165
"Stockton-Lodi, CA Metro Area",44700,92179,797334,513773,121274,20020,46666,79428,26768,7130,3555
"Storm Lake, IA Micro Area",44740,71719,20753,13051,3919,354,1459,1918,603,167,213
"Sturgis, MI Micro Area",44780,66425,60969,41475,12960,2489,4248,4494,2012,392,123
"Sulphur Springs, TX Micro Area",44860,70888,37784,25476,7479,1255,1853,3633,1515,231,194
"Summerville, GA Micro Area",44900,50285,25036,17623,4322,1817,1355,1173,760,134,43
"Sumter, SC Metro Area",44940,56693,104725,69673,19895,2748,8108,10191,5263,378,575
"Sunbury, PA Micro Area",44980,62262,108663,79905,31691,4160,7041,11284,4462,1519,787
"Susanville, CA Micro Area",45000,67403,30356,22345,4918,1538,2248,2244,464,137,79
"Sweetwater, TX Micro Area",45020,50747,14454,9458,2421,797,892,1007,414,70,27
"Syracuse, NY Metro Area",45060,75492,656410,451763,99773,22625,57558,88288,51859,10446,7994
"Tahlequah, OK Micro Area",45140,53218,47942,30907,7718,2227,1741,5866,2146,522,484
"Talladega-Sylacauga, AL Micro Area",45180,57722,91321,65970,20032,4221,6015,5795,3531,685,686
"Tallahassee, FL Metro Area",45220,65261,391730,246349,46409,12431,21862,59012,28446,7657,6965
"Tampa-St. Petersburg-Clearwater, FL Metro Area",45300,74392,3304691,2407628,550924,103609,240044,527299,223238,56116,34563
"Taos, NM Micro Area",45340,58950,34543,27201,5376,1379,2361,6063,3261,721,437
"Taylorville, IL Micro Area",45380,62611,33538,24493,9776,1256,2409,2964,865,194,175
"Terre Haute, IN Metro Area",45460,56594,168719,113088,33101,8192,12990,16211,6802,998,1856
"Texarkana, TX-AR Metro Area",45500,55646,146296,99561,31581,7194,7565,12561,6081,1117,732
"The Dalles, OR Micro Area",45520,64175,26552,18909,4005,994,2199,2628,936,390,291
"Thomaston, GA Micro Area",45580,55429,28029,19346,5661,1975,1946,1935,735,233,92
"Thomasville, GA Micro Area",45620,60262,71885,48949,13735,2492,5927,6224,2559,668,552
"Tiffin, OH Micro Area",45660,66025,54770,37157,13754,2205,4242,4845,2266,289,252
"Tifton, GA Micro Area",45700,49785,50377,33139,9320,1788,4751,3159,2257,560,318
"Toccoa, GA Micro Area",45740,54754,27012,18632,5762,1786,1070,1732,814,167,107
"Toledo, OH Metro Area",45780,65486,602322,405652,107013,16470,41828,74652,34798,7477,5529
"Topeka, KS Metro Area",45820,69888,232468,159526,42425,7918,13869,29896,13470,2729,1939
"Torrington, CT Micro Area",45860,93551,113216,85120,20887,3011,7655,19064,11138,2243,1064
"Town of Pecos, TX Micro Area",45880,64297,12664,7867,2627,560,301,416,126,8,32
"Traverse City, MI Metro Area",45900,80889,155449,115706,24102,3190,11997,27010,13882,3044,1631
"Trenton-Princeton, NJ Metro Area",45940,100645,385864,261611,56315,6491,15722,63514,38462,7128,9775
"Troy, AL Micro Area",45980,48677,32987,19373,5179,1064,1380,3261,1629,194,344
"Truckee-Grass Valley, CA Micro Area",46020,89882,102481,79518,13070,2169,7705,21323,8170,2351,1192
"Tucson, AZ Metro Area",46060,70315,1060490,730009,126588,27619,66903,151514,80343,18541,18203
"Tullahoma-Manchester, TN Micro Area",46100,62285,66384,45446,14573,3160,3616,5620,2973,571,686
"Tulsa, OK Metro Area",46140,69359,1037534,693200,166864,30221,64487,138988,50675,13825,7867
"Tupelo, MS Micro Area",46180,63170,132254,88239,20037,6586,9954,13187,6147,1367,1034
"Tuscaloosa, AL Metro Area",46220,61517,278526,173080,44838,7735,17195,29204,14122,2626,4682
"Twin Falls, ID Metro Area",46300,68810,118907,76407,18314,3750,9192,10761,3977,797,957
"Tyler, TX Metro Area",46340,74192,241740,160294,33044,7412,17173,30159,11263,2389,2016
"Ukiah, CA Micro Area",46380,68092,90244,65093,15553,2324,6278,9777,4561,1458,577
"Union City, TN Micro Area",46460,54613,30453,21567,8126,1353,1134,2456,1109,180,201
"Urbana, OH Micro Area",46500,75556,38804,27444,10405,1416,2492,3778,1206,193,28
"Urban Honolulu, HI Metro Area",46520,106195,1001146,708001,158416,19254,76435,171424,68017,20616,12262
"Utica-Rome, NY Metro Area",46540,69779,288881,201973,52192,10266,27970,30681,17758,3003,2585
"Utuado, PR Micro Area",46580,20800,27621,20880,4794,790,2769,3672,713,95,107
"Uvalde, TX Micro Area",46620,53801,24881,15561,2777,768,1800,2121,682,163,113
"Valdosta, GA Metro Area",46660,57085,150188,92429,25508,5592,8616,13821,6788,1428,1530
"Vallejo, CA Metro Area",46700,100401,451918,315641,65975,10773,33236,62203,19902,5052,3612
"Van Wert, OH Micro Area",46780,67917,28826,20068,8104,694,2663,2299,908,124,99
"Vermillion, SD Micro Area",46820,56850,15219,7594,1708,356,607,1915,952,180,399
"Vernal, UT Micro Area",46860,73746,37056,22196,6933,1187,2289,2741,834,54,93
"Vernon, TX Micro Area",46900,54102,12616,8754,1974,885,412,1076,293,61,80
"Vicksburg, MS Micro Area",46980,59401,43020,29482,6475,1682,3193,4927,2349,501,701
"Victoria, TX Metro Area",47020,70236,98554,65393,16831,3571,6510,9194,2662,827,407
"Vidalia, GA Micro Area",47080,52500,35742,23246,6516,1842,2277,2630,1294,306,140
"Vincennes, IN Micro Area",47180,61237,36007,24200,7244,1343,3683,2916,1339,212,148
"Vineland, NJ Metro Area",47220,67436,153305,103026,32731,6484,8581,13189,4773,961,580
"Vineyard Haven, MA Micro Area",47240,125786,20933,16542,2362,890,1378,4543,2708,1035,299
"Virginia Beach-Chesapeake-Norfolk, VA-NC Metro Area",47260,82330,1787235,1219406,254145,53031,117311,262724,130888,23671,19540
"Visalia, CA Metro Area",47300,71300,478693,287690,69349,10564,25426,31114,12630,2911,1223
"Wabash, IN Micro Area",47340,66806,30844,21686,7855,1328,1884,3479,1283,103,145
"Waco, TX Metro Area",47380,66205,302045,189895,43338,9199,18324,31838,13778,3104,3520
"Wahpeton, ND-MN Micro Area",47420,73734,22955,15266,3607,553,2984,2912,555,141,102
"Walla Walla, WA Metro Area",47460,74202,62161,41195,7857,2088,4463,6689,3725,1042,806
"Wapakoneta, OH Micro Area",47540,78660,46125,31536,11696,1341,3973,4183,2265,184,165
"Warner Robins, GA Metro Area",47580,79345,198209,130305,28867,6255,15271,22876,13056,2634,1955
"Warren, PA Micro Area",47620,60480,37920,27966,11840,1159,3134,3609,1518,205,239
"Warrensburg, MO Micro Area",47660,67272,54732,32392,8750,1683,3804,5816,2610,405,604
"Warsaw, IN Micro Area",47700,75317,80442,54244,16523,2640,4010,9036,3921,335,299
"Washington, IN Micro Area",47780,68503,33658,20916,5758,1216,2580,2555,736,62,89
"Washington, NC Micro Area",47820,58357,44499,32768,8968,1475,3687,4626,1760,389,185
"Washington-Arlington-Alexandria, DC-VA-MD-WV Metro Area",47900,126684,6318377,4348200,655661,91820,248155,1178613,828044,203791,153649
"Washington Court House, OH Micro Area",47920,63275,28876,19877,7599,1650,1714,1909,786,112,57
"Waterbury-Shelton, CT Metro Area",47930,86191,454969,326360,82055,13611,29497,63183,35540,7086,4560
"Waterloo-Cedar Falls, IA Metro Area",47940,70811,168637,108560,28652,4436,13550,21830,8090,1958,1786
"Watertown, SD Micro Area",47980,72727,28767,19626,6757,602,3082,3072,832,123,168
"Watertown-Fort Atkinson, WI Micro Area",48020,83750,86003,60143,17873,2177,6405,11836,4060,784,489
"Watertown-Fort Drum, NY Metro Area",48060,66301,115040,74083,19829,3763,9573,11375,6532,1121,569
"Wausau, WI Metro Area",48140,77884,138403,97134,29199,2858,13150,19147,5964,1493,694
"Waycross, GA Micro Area",48180,51821,56178,37861,12503,2960,2843,3305,1947,812,184
"Waynesville, NC Micro Area",48200,61912,62662,47569,10792,1983,6168,8595,4058,813,581
"Weatherford, OK Micro Area",48220,60977,39074,24143,6833,1243,1492,4340,1836,180,448
"Weirton-Steubenville, WV-OH Metro Area",48260,58784,114754,83063,30551,3998,10677,11163,4800,572,741
"Wenatchee-East Wenatchee, WA Metro Area",48300,81938,124538,85632,17374,3950,8852,15729,5573,1804,704
"West Plains, MO Micro Area",48460,50993,40383,27491,9028,1790,2353,2963,1348,268,319
"Wheeling, WV-OH Metro Area",48540,57418,136920,99669,35827,4407,11079,14373,6820,1386,1025
"Whitewater-Elkhorn, WI Micro Area",48580,80520,105657,71642,18007,2671,7328,15290,5792,1349,782
"Wichita, KS Metro Area",48620,70655,652622,430462,93150,20516,40029,87366,38398,6507,4509
"Wichita Falls, TX Metro Area",48660,65379,149358,98396,25103,6425,7964,16451,5913,1144,968
"Wildwood-The Villages, FL Metro Area",48680,76508,143408,129083,29612,5747,13385,27316,13700,3155,1432
"Williamsport, PA Metro Area",48700,63917,113489,79894,26865,4026,9433,12660,5215,1047,881
"Williston, ND Micro Area",48780,85595,39555,24541,7269,1305,3770,4255,1437,148,148
"Willmar, MN Micro Area",48820,76592,44079,29740,6828,1120,4517,5973,1825,297,207
"Wilmington, NC Metro Area",48900,76471,453347,333771,62516,12139,37881,84898,34211,7899,4431
"Wilmington, OH Micro Area",48940,70407,42012,28395,10666,1144,3229,3594,1627,146,123
"Wilson, NC Micro Area",48980,56423,79290,54277,15630,2678,6019,7341,3344,756,358
"Winchester, TN Micro Area",49010,63494,43990,30336,9703,2281,2597,4456,2124,318,345
"Winchester, VA-WV Metro Area",49020,84298,146386,103110,29252,4513,7729,18039,9264,1956,1088
"Winnemucca, NV Micro Area",49080,81073,17289,11271,3489,1004,1044,1632,396,104,38
"Winona, MN Micro Area",49100,70744,49779,31414,7419,869,4746,6909,2430,434,507
"Winston-Salem, NC Metro Area",49180,65975,689766,477163,110965,22562,47501,92655,37128,9806,7537
"Wisconsin Rapids-Marshfield, WI Micro Area",49220,67989,74004,53139,17907,2237,7954,7914,2383,735,355
"Woodward, OK Micro Area",49260,61417,20158,13650,4505,852,541,1925,681,187,39
"Wooster, OH Micro Area",49300,73574,116588,77070,26463,2949,5791,12114,5412,903,913
"Worcester, MA Metro Area",49340,95939,867788,609049,139105,20946,52998,139278,77224,12075,13002
"Worthington, MN Micro Area",49380,66101,22041,13649,3697,361,1484,1763,445,123,108
"Yakima, WA Metro Area",49420,70656,257152,157998,38175,9987,12994,19276,8041,1865,1076
"Yankton, SD Micro Area",49460,72821,23414,16359,4088,1245,1868,3262,1217,386,276
"York-Hanover, PA Metro Area",49620,84829,462924,325365,109450,15514,30549,56117,26812,4093,2815
"Youngstown-Warren, OH Metro Area",49660,56713,427420,306607,106698,12238,27240,48099,19730,3937,2132
"Yuba City, CA Metro Area",49700,78179,183364,118976,26132,4268,12843,15720,5256,1305,896
"Yuma, AZ Metro Area",49740,62876,211741,137936,31838,6703,11315,14688,6500,1566,390
"Zanesville, OH Micro Area",49780,60780,86411,59472,22853,1984,5920,7659,3783,648,150
"Zapata, TX Micro Area",49820,39239,13841,8090,2189,240,560,818,310,38,62
